META	created_utc	2026-10-07
META	endpoint	http://192.168.8.181:30304
META	bucket	photo-library
key	size_bytes	sha256
originals/0013bf3b-4e18-525e-a290-f75d3eb13663/A7403248.ARW	41967616	8485ad05a5bc120727000591d6e3361b6b3f308bc6ffea111413ac19290d950a
originals/004fb1b4-c932-541c-9b4a-0e4fa6ae9d02/A7403231.ARW	42491904	4ebe200ebfd8242619076cb8047974c0b93f1fd07419852821261ce9bc48e9e0
originals/0078f8db-128a-5078-9255-29e61ebbfc18/A7403111.ARW	47087616	8c9fb61c829199840d238bb0ed41d50c7bf29bcb1709219bebfa4b2e231a7df4
originals/030280e4-49b6-5121-ad79-2b0b9e767733/A7403056.ARW	41988096	89674d1e295a04219d3669514a02d2940a34087d5795bfb1f9a4b7b0b11de84c
originals/03d17ded-2e5c-5ace-b632-3bf24d4a1825/A7402970.ARW	41660416	bcd0b6d806d9f0395e2e8c15b0b0169d47a385adeb5becdbc9b5beba7d355acb
originals/03d7ac01-d1eb-534b-908d-bb42d35a078e/A7402822.ARW	42086400	092f34b44fd18705359968a7089ddc42037ba36790c1890bcd0744fc4283031c
originals/040e7ca4-53b3-5259-9f1f-a9df994d6de4/A7403041.ARW	40951808	1fbede277ed6fedb14663de55f66bd654b8799349434d684d7a73249e1326e9c
originals/042cad6e-8cdb-5a75-b3ea-4c873d3b81e0/A7403030.ARW	42577920	52c2850c7f60e3169f577e958d4e56d07945c2b580cb2f00a40c33b2c769eb00
originals/0462a52a-3586-588b-8266-58c4628dbea0/A7403211.ARW	48701440	d47c11849248bd9a1fee40e48b68a671b67cf49e45b8567b2e4c46f7191d622c
originals/04a0637b-d8aa-5a74-936e-3693bebc929e/A7403293.ARW	43352064	9eb4dd08b9f36add5c9277659b1d6a4e56964293bd231578c6e39e654fbceb4f
originals/04e2c0a1-079e-55b1-86c9-10d809a751b4/A7402855.ARW	45846528	2fc2147e6107973a5734211cefe5583767ed429f9cce6dc0cb0e40c86d23f4f4
originals/050ebb9f-93a7-53ca-b5f2-3d9eea7ac16a/A7403016.ARW	42250240	0ef6518be792fdcdf0f5998d24d1637aaf79d2563794d266219433e748fa9dc2
originals/05231905-1e6d-58b4-b640-814083ed144c/A7403074.ARW	44957696	3d0bd05d6c63c472685a2d04603df23f1e1ed9e0e6454890d7ecea7a4ff8eadb
originals/053fb39d-8a2f-5b75-9e35-63dcd4e099c1/A7403146.ARW	43122688	322f7e93d63389b6c5247b9a79030f3e6fc975824a1d2d9a40a4f8710ed880e6
originals/058ff948-e31b-5044-a34a-38fa25da24fd/A7403517.ARW	43413504	15902210372588a573fcfcb2bbd70c99e0748b46d8441ed5930bf5d717196a22
originals/05a45a8e-87ce-530a-bb7c-6a6326ff4c8f/A7403233.ARW	42082304	24cad02bace4414d61eabee95c8bd85492353d196045731ede0a6f9a50405eb1
originals/05d8c776-69c8-55dd-97ec-2b99aa75f840/A7403091.ARW	45699072	c37a1eab0fe996530fb5468d2bebcca4e0d73a7971e24586bed35d03ba4c4203
originals/0642a4f5-df32-594b-adf9-2feb9f077587/A7403365.ARW	47370240	e008e14c7aea5a0e7aec490bd09298af96150daf6ca29302df095c7917f20197
originals/0688d5db-cf11-50ba-8c7d-25e507ccb484/A7403387.ARW	47804416	b7967662ab2bbe359510a6312273e49bb737918753f54271d1f5dc723dcae0cc
originals/06feca76-94cc-5fdc-b478-ddbdc5debdbd/A7402935.ARW	44834816	a7637bbff9a83a604a670e91b27a276c04fa41db10a4d01bee836618f159f388
originals/070201ba-ba97-599f-8230-676af891b9e8/A7403356.ARW	47288320	6a6e562697422eae7aed9011ffcf62ebd38e8dc7bca481f867825a1d2cfdbe5e
originals/072a8a71-a62c-503e-b2c5-d177cef90fed/A7403140.ARW	44122112	95251be329e25d3c16896a4bfcaec9cd4d3341a349b68c725c9d94858548e258
originals/07f9d421-0c2f-5efd-8b55-990eca93842b/A7403188.ARW	49180672	335ace6ab7e4778d9e84e2e6b096cca6f21c842b22ba24cf3e90ff9f1dcbcd90
originals/085e0b54-0ba6-5d40-8ff7-d68771abd26d/A7402893.ARW	41754624	f85377973f10e3ef942e6519fcecfe5519ccc38698bc5b5def1dc14e85d2cbbb
originals/08fb1c8b-e18b-5825-b2eb-fec621eb5101/A7402925.ARW	41484288	663ef64e263728d508b6df7c9d3b7edf78dc7afab4a4f8761255e23f99400648
originals/09058d80-68f5-5612-aeb3-df4321e35721/A7402813.ARW	43376640	2ed7e28133e069b610bcc01cbe6b4caaf2cf817933fc88a6baeaa7dfb06f0048
originals/0976b9d1-99d6-59dc-8458-38b57c25c56a/A7403317.ARW	46002176	9e8fd26ee7c86b39c1e7e814c338b3fb57ef7868fe8e665d7280b2bf9b1b2f25
originals/09c53643-3d2c-52db-903a-4c2c962f00a6/A7402967.ARW	41553920	c1f326270fe435a911ac765efba33602cd11248415d67fd8817e088fbda44546
originals/0a699bc3-5a18-5b8d-b5f0-48bd1e6128df/A7403366.ARW	46043136	1356b498b9dd2f3c48bdac31aa5cc8217896d3ddf86b9abd2ff387e7007cfeba
originals/0a8f8790-dc20-532b-a721-70288cbf83fd/A7402779.ARW	41222144	b420086bc8964ca3a33e4bf9c08fbcd254ad39135ce502fdb1830e68681dee6e
originals/0af76956-3597-512e-889b-693125b9544c/A7403505.ARW	21565440	1a534d11d1738fc931281f21d80da1023047fff7188d810f1c2f80c8ca0fcc24
originals/0b20f4b4-43c2-56f5-a95f-130ae0a5bc11/A7403337.ARW	45244416	19b50e3adfef935f0bfcf36e6f920ed274fb4eaa4d1a6688c3411d5e3585efa1
originals/0b4e5628-08aa-5df8-8761-fd347c6ce616/A7402894.ARW	41750528	c551beb949b78d0e5518e71d7d57b2c571bf9b428db1a3ccf9b53c4339350612
originals/0b9e91d6-5b2b-55dd-ac52-53927f12a016/A7403330.ARW	45101056	828325244bd526c0b877a5249846861009e48610c37857a31010e59f6dfc749c
originals/0bb173e1-385f-5f10-a671-f238bd116511/A7402960.ARW	41836544	64aef74b775464c1326fc2ec38011c2f7970b54fef21a5f094c6deac5dfe71a7
originals/0bb582b3-1e4c-5f2e-935f-e3e6f1e5fd8b/A7402809.ARW	40988672	8e10d4b7a34dd1d6a31aa8ec889aaa66a481c6c888191f961366298ac171521e
originals/0bce293e-cce6-581e-9fbe-b3f0bf2004f3/A7402819.ARW	44613632	e5a27e7b774947654ed85c4c65fe45cea48d1da89ab4d03c8917ffbd7d0692d1
originals/0bd2372b-939d-514a-921d-67ad3814e62c/A7403415.ARW	45113344	ab102844ecd39ef14f0d2c14015ca2038d1bb5670c76c85579d7701e8c0b6b9d
originals/0bf5894c-c5f1-5d1c-9a0e-d62f2d392ff3/A7403284.ARW	47165440	a018d903d94561690a7196de492f84d493c522f67df56c93bc6f00624d1818ca
originals/0ceab72c-5e23-5271-aa00-fa1b0b9739df/A7402890.ARW	42864640	f0253ba712574be77603efc37c09655b8d24fdc99a8f533214a8241f96bb4759
originals/0da8d929-73ff-56d2-a878-f9ec8c41d6ef/A7403541.ARW	46227456	04f152cc14d9ab6f920542c5eea1ee6dd50b47170e204da7226eb9fd92c2752d
originals/0e43a9d2-7855-5e03-9ee1-3a64e733b52a/A7402945.ARW	42020864	0ac59d560552edc58b66418e7748fb3a82fa8ad23662b447ad94f8f3c5031875
originals/0eaec7a8-5e86-5d07-86c2-f15a8d4752f7/A7403285.ARW	46698496	2b1c1ed9ff24c86a799666605b417bab71e2b0c83ce971e8d7588481b715bb57
originals/0eb2ddee-a2fc-53fd-af3c-3bd952c3038a/A7403022.ARW	40292352	c830d2fb8faec88d6bb42e169c077e0fca013a8e2199b653c5775a3e3b41b381
originals/0f6cb440-4546-5696-9ae5-580ed40e1370/A7402816.ARW	41918464	ca9abbb68769ded22391cc9a4084f16b58ef2a30e2608865f9e3b603b544e6bc
originals/0f814f14-c4d4-5bf4-ab75-75c9c3247407/A7403457.ARW	44810240	fcc70366015f2407ff27d7de3def9daede6b89bdf9b6879e4fb966698281e141
originals/0fec7395-8d19-5754-8d0c-c6c30d7e926f/A7403184.ARW	44474368	8f213824991f558dae05449976d88eebac648725ab8b67a00bd6a90be8e8210b
originals/102562db-1b1a-5e83-9043-2b97a8fa96d5/A7403501.ARW	21266432	3d8e351a8efbf14bf1ee3b347b336b9c75ff5201f7a909c85c2b9e5fa7de06e7
originals/1126fc1b-a43e-58d7-bda6-29cebe9606da/A7403116.ARW	42635264	57d6643f2bd1ed203af0755f79c176da312512f007d79bb42d1093fbf6a8909b
originals/114767d2-5a04-5721-9d16-16fab4285c2b/A7403450.ARW	42397696	07158038b1b1d9aeaacf8858ace28512a7e98be279dfa3d4a616c6dba029bc52
originals/1158f3d6-4130-5137-8f11-2233ec635b47/A7403216.ARW	46370816	b100f3f0e49cab4e148915604347e6a0373012a32f041eef5918a6ecd89fc2d2
originals/12007c57-cf51-5b98-b354-2e610b8a8040/A7403234.ARW	42876928	e97fd96980a2b16a7bd39288fb3b566f6356544ef1fddcb56dcc601b3b78b156
originals/12066cd3-10ae-57f9-a812-5bc3674e3e0f/A7402914.ARW	41787392	cedadc3e7d4e9a0f1e804c3cfd4dd0fbe86ae40c085f57ba5d81ec53136491d0
originals/122ac47d-33a2-5be4-8b2d-7c81804d5d60/A7403391.ARW	43610112	ba324fe854b7f2b9aed79455086fe2027c3cabb35cedb765dc09363cad771f1b
originals/12727745-22f3-5888-b58b-494de8e615b5/A7403394.ARW	45113344	c27797364502da0eeb052d1058014fdb6ca749417003f9f5d760c382c4be8b6b
originals/128ae01d-7323-5132-bce2-284614cab655/A7403451.ARW	42102784	bc6cea60087fce6e602627eb7b8f6cfcde8916b0187339ceab7dee0e66669e0f
originals/12cdc3a7-0e05-5309-811b-25eb593cf752/A7402811.ARW	42741760	3495818eecc4f20fc107aa14c059ec6eb2b4368c9312a0dd7878d727864b4158
originals/12d01bc4-b4fe-507a-bffb-8f2cf658c880/A7402807.ARW	41648128	ce1dcf5210926e2f2f8f5213503ac507335a25b41fd0e6c32dc5ad288ddb195a
originals/13b2b760-778d-5e2b-9db0-8bdaef00988a/A7403447.ARW	45625344	9af8aad60f79f75edda9c37e622b7224635f0ab16dbacec3f01c08cba6c6b089
originals/140fc970-03a4-55a8-85af-4cad3fbf17d9/A7403117.ARW	42418176	38a545c6cb8c9e91742eb9563742a332819c6ab50cc8ee3e37892e36addf8685
originals/1421412c-7956-54de-af0b-413f06d41ff6/A7403499.ARW	21151744	e7d3312cc55512ca2b5ce505b6d094cd5dd75f2fe3be069a984bc61bad8b2296
originals/14352b26-b187-533b-af60-b5ebbbb33a99/A7403191.ARW	49369088	22ebf68edbc868ce556585d8fef7eb8d1227ff8cb4a8c9b23a8fb52980b098d9
originals/154ffbfd-3668-51a1-badb-3e669202a148/A7403028.ARW	41226240	aaa74dce15474b8ea808e156f20a0402b267e74e193ca1e58ba9927b9feb5e2e
originals/15654c5f-5209-5eec-839b-a6ae26f73cad/A7403506.ARW	21581824	15f50d94d1ea8685549ffe741dbb218cd68a07834bd41af0a1a8ddbce8db36fb
originals/157c3bed-a446-551d-ba7c-d760904a5739/A7402837.ARW	41746432	9290bd48c707cc3e52ea5698b2d69c60756a220dafb4c97a27ce163c078a5f0b
originals/15ef3a60-27b5-52d9-b64a-3cd9f999a538/A7403053.ARW	43511808	7a3a80bc82cb8db77d36e49f55661a96887a90e7ee0c380c975c0f762051d9eb
originals/16a3b76d-320e-5b80-bede-3b8eacada0e4/A7402758.ARW	41943040	9e932dfbda971366cf149f34786d2136d77c39d594860ee8b2bfd2b4940fd1b1
originals/1788b9b4-92ab-5020-82b6-663f8bd5e5bf/A7402800.ARW	42586112	26529242bb44b746e519bec6d29fa5865eb899f0335b8832360d8894f9f19585
originals/17babedd-f9f3-5d8a-8d59-47b6b649ebbe/A7403438.ARW	42700800	d0f980136b9cdd393e2b45f03463466711dc7d76a969fb7e7be27882723b195e
originals/18362aa0-3daf-5b32-acff-5a3baee357de/A7402769.ARW	40476672	0378ff2de6abb0b5807085e5cf247b485bcfe9f05d3888f029f5438ed14d2baf
originals/188fa7aa-5561-5733-b244-db4a3a7ec270/A7403183.ARW	42917888	b19325d28fc517370aff82e746b1723d8593730ed561f8c4f3acf07dd9c96799
originals/18903f06-2c31-5a77-a858-1a393ebf8f82/A7403223.ARW	45244416	b6442142cd26b7ffee0b9f02b8968fe9dc5753329cf8a34bda9002cc7b990e88
originals/18948c65-702f-58f8-a998-290d45a271e8/A7403471.ARW	47206400	5e00038181f4c2589866c07c363ae97282232d05175f1eb492718eb63ae8b34e
originals/18fa0ae5-708d-5451-a774-3b589e52cbe6/A7403423.ARW	45670400	4ab67d1201ecd9e6841e55e93cc55c3d35ff1437d0fa975d9a46032979d64cb0
originals/19d1e230-23d9-5b67-af75-56e9b59f7398/A7402782.ARW	40017920	2ed4d6be68bf1e0cf8c0828a6b7559a0df8c6823f3bbf7093aa832451faa96ce
originals/1a5aa445-1671-5d94-aea2-806b5da62fca/A7403059.ARW	43319296	6206b335a212a7797c1ce126d1f5d1bcb12ac2feddaa59759db5b2fe612eb844
originals/1a610d21-d76a-567e-bb94-ab0a0b842a65/A7403080.ARW	48320512	7f860297ae3bacd37416a6c7c7f40e457da30690b77c8f80dd2993120eaa758d
originals/1a6e75f3-9c9c-5c58-9316-1b90d366cb29/A7403389.ARW	48017408	204a54f193c4d29e6fe698140b26050f167d9eb55738b94f23a657dc5237bdc8
originals/1a70e9bb-b4c8-5dd2-8c0a-09da3e732e79/A7403436.ARW	21360640	625bcd667c489ad280dcec9c16f91484a51c677f0ffd90e788e5d4b00d85236c
originals/1aab7d13-18fe-5c54-accb-d9a6eaf8ccad/A7403373.ARW	46845952	2d7d2187fdae13c1d02cbc6ec7d5ddb10f3e1b6fbf625107ded8a06a0aeaf96e
originals/1ab08ab2-19d9-539c-93c0-ba304469ba91/A7402786.ARW	39391232	fd8b8e90e80945de4eebd4da8950f67d4352b3b68d02dce0bc5b63b16ac3d1ae
originals/1b3b370a-aa66-5336-9e72-fd602850cce9/A7402989.ARW	41472000	57fe64285230918711b62eaab33526dd1b412b44635c25d0abcd307c90c6793c
originals/1beb8334-04d4-53c1-9e96-01518c51774e/A7403070.ARW	42430464	078f2fff6045d6daf463fdbcc53fe6815a07fd32a1b838beb3bd19018510bf88
originals/1c797b0b-b5d8-5682-944d-d53474808634/A7403349.ARW	41943040	961112e0228d086676e736bc044a8432287c8e1e5ce3a13447c7590552706bba
originals/1cfd102f-9560-5987-be08-3c0deedcb594/A7403311.ARW	44224512	b81e7ce58e60f0c804731aea1d005a5ff135b36a7c263641ce1048e4fef26a87
originals/1d8decba-e146-5e4f-a88d-753b387940ef/A7403277.ARW	42905600	eed3953e2898386a85adbc71cb7431180d5b5c543b0c9732af31a181297aa67b
originals/1daf75c1-deac-5b2a-bb5f-022336682f3b/A7402744.ARW	50184192	c241a18187e340289cabe6975b5be6648429af59df193ada9b35c338c8a22e19
originals/1ddd72e0-8386-5833-9933-129d7a3dadc6/A7403040.ARW	44335104	8e7bf262ebd582c0e0794c2cf1a4869a9fce9902f90e84a02652ee0f83196ed8
originals/1e04fd12-6d42-533a-baee-d609215b8b92/A7403051.ARW	43393024	dc1d709af153c917aae280fa8be577bc2842d24895d2ce5b309ffd0bb1341d69
originals/1ef4de9b-f67c-5e1a-9722-9f706c564d95/A7402908.ARW	42143744	7c3274d92578b7b2bca41804ec385d552546b1899e30fa3354e57c64dbdba4b5
originals/1f59975d-c76a-5c39-90a9-0cda3e934f58/A7403066.ARW	41824256	340ab06aa3165ab5dc1e89483eac759743557ec88c2248d391e9d3761ed1bc09
originals/1f777549-6225-5348-99b1-e81bba05e6b7/A7402880.ARW	40767488	664b22491702e1e43ebf018d63a05cabd14aac952fb941b15162abb0ee9a27fc
originals/2069dbd3-5199-542e-8cf3-d95416123a2c/A7402869.ARW	42180608	b25bd17e0e00a98c09a8c8956b6c91ae0d8d53112ca2517e953fb9fe0ee2d03d
originals/208ed528-e1fc-5492-a785-d44d444f5b77/A7403230.ARW	42262528	d3e5f2b30d989e6504847766c7f57723297a3627c626caca6c43b4e83b8df7e8
originals/21ffdaea-8341-5fcf-b347-3c2eba0b99a5/A7402747.ARW	23961600	d66d791852fbce23432be33f12d2445df1271269b42d6d1bfa0c090a399992c0
originals/224fc25c-d760-5e37-98e1-b3b40a8d2344/A7403222.ARW	41615360	b09ea173a5a58969f7a1927af1dcfd58e78c53362dc0b22b06e821f95118b46c
originals/22da26db-eed4-5e7c-92b4-e54930200c90/A7403289.ARW	46923776	381c54bd310a2c929ffba7d2e5b701066b5edaf8448067e2d89cc4f236eb1d94
originals/2340eaba-9358-556c-a890-bf9ba5c6a84b/A7402940.ARW	45875200	14caacb567d70bfa5cf857a5450e1894dc1e512233e34d203eaaa70f86a9d14a
originals/23bf82a8-0d90-52a4-98b2-2923c1759caa/A7403182.ARW	43651072	74b9fb6d682d74e3fe994258740c16f4559a2a243998db8b74d77083a2d0cd32
originals/2412810f-ad3a-5cec-bc60-c311d03538bb/A7403079.ARW	47964160	639d59fecbaeb3df631d3a42d8633c5fd304b28bc1cb088804eb66a76025a2be
originals/241ecd95-eb7c-508e-a815-f7817d5afe5f/A7403266.ARW	48750592	3f2ce8e24b6f7f9683c84dacfef84d98909b2405382cbc80ff1ec0c3c19fb196
originals/242efa8e-3a54-5476-9bb8-e24362d9e4d4/A7403172.ARW	43155456	cc7d7293a0845151c4a79166045da185693b24af6b982285b2f2934b8a5f3368
originals/25485fe5-b1f8-5e31-b483-fabd964dc4b9/A7402806.ARW	43872256	a145d9ae87d89eedd0fb5db569ecc27c312decaa1a20d28c8764e496df15c2de
originals/256105d2-220b-5a2e-8d14-99be0c4be73d/A7403405.ARW	46772224	256ba2f29da2a8b0bc425e762178d43fe79f940efefc661597ffded983d3acbe
originals/25c546dd-cf6b-5362-9b84-e97407b7a7c5/A7402904.ARW	43106304	77eab322d65e1d47edd0bb27b08e6543a848dd205b9dd65a3b31c6a2c8c1c65f
originals/25f36769-1806-5af2-98f9-10d0bd4a995f/A7402765.ARW	40820736	8cd8cf53c832a37bcfb1c062ee645ce30496c039ae0f43a358e8e97568f96253
originals/25f6c7fb-c6a9-5326-8656-5794cd7fec58/A7403173.ARW	43638784	f5c2a7de510fce0453bdec89356c96043771f5bed96606d9f11fd83945119455
originals/26870dbd-d8de-50fc-a23e-02dcbe853b90/A7403207.ARW	49864704	c754f17423e0d6dba8b24e9933d71fdec546e6c254c8dafc7fb7af3afb41a848
originals/2689e064-a813-5f78-b97e-168b7a09a438/A7403536.ARW	47570944	f385f6f74b7deb4926e104ae9b77082b85d36e0dcd0f155ae979a95c69b2b1cb
originals/2760d5a2-767b-5d32-88ed-801bc30609b7/A7403527.ARW	43479040	096d1e458304d8b23ec0029b60bafda3eb784cc63650cce5e421d1891ffa60a2
originals/27958fbd-c3fe-57ff-aa3b-c7126cc49b9a/A7403369.ARW	45920256	0b4b0805b3fd9795d7a0762acf57750934649eb0dce9adc7fbee0f33660801c3
originals/288f57c4-278f-5a91-bbdb-02c86d8092dc/A7403235.ARW	43098112	0043ac84e4cf9481719451ebe64b43cae3a0ea5d729cf9894b5e7d9f4e76414e
originals/28de8a02-35f0-5116-889d-ccb081f73d31/A7403200.ARW	41570304	b4ff6f8c13d975c2dcb6456a76a5ecc20b550f6d7d8e5b7578e6ff3f2d2fb7f6
originals/292257c3-4238-5846-9755-c80103a231e3/A7403410.ARW	43532288	574a8083bb05bb459f57365854c9cbfa2a439ea9627c047a5f8f57f2f2af24c3
originals/2985e3e3-cb41-5cd5-a746-42fa03442125/A7403145.ARW	43495424	878c001aa321dfaf6eeb39c7d32d90608949b266b2c998bd5b16386c01d7935d
originals/29ca6895-5126-5388-825d-8c5c1a1441ec/A7403483.ARW	44929024	70c8cd9d7231ef00826194c9977893372561a9b8b35dcbb67c22641deadda273
originals/29cd5b1b-9fd0-5236-9b8e-1e5ca9870311/A7402763.ARW	40140800	56882ec9785393121a3c8430bdd6e6dd3e6f6ed338f40c3bc0f1961cf3aa5b90
originals/29ea164f-d0a9-56d2-afdb-5990544ed7aa/A7403257.ARW	44380160	a27b201d4c592e1f0a4ce3531a56588a4cbb0023b5bd92e811fc84f45f6eda73
originals/29ebb76b-3661-5183-ada8-1a79afaa4aa8/A7403226.ARW	43679744	34835a6e6d7a678c987e037977b0b8b0adffd3ac7faa7132ba2907c1dd408d63
originals/2afc7b95-6a56-54a3-abf7-ca3c268e68fa/A7402771.ARW	39915520	3a37bc43fd8a52e4672513e3edd676914f602f123669ba993a3faef0005f311a
originals/2b33443c-09dc-58af-9e35-ee6472244eb4/A7403088.ARW	47673344	1bbae9dac4f5f08215bd4d3a643fd21c94c06f2007c06d2b277cc46c42b72241
originals/2bcd2619-658e-56a3-9266-ff056757ad8b/A7402848.ARW	44597248	61c3263f54c2ba7254de19a08daba33c371735a9c1a0a1546d0449a51d1c13b2
originals/2be22436-ad23-51b9-b274-60403338ac57/A7403487.ARW	43806720	fdf79e9a02f9633111a2cac535125d95a1f59607027dbb6196ccd9239daec6b9
originals/2c8944a7-2eb6-5958-82a1-8f492b092d0f/A7403509.ARW	21344256	43cf7f07fceb9d097b82a98a87e6477321a6c6f9822979d5e68e8714bbe8fc95
originals/2cbf2b5d-3f8c-5262-8740-43ab64eefdda/A7403107.ARW	49205248	4aa701ad8ad4a36326ad1f1704960b14b6b1900803d0b3007188a64856948f87
originals/2cedb7af-cfa6-5b3e-85bc-2e464b9eb78a/A7403097.ARW	48566272	21af10171d18c51d6159d7c8d56950188b4b254048a0143aeb5d28df8daf5b0f
originals/2d05a149-73a3-5076-ac72-87f2a51cf13f/A7402861.ARW	44126208	7068583dc684fddb4a3d4200081cb24410ef17bfc6345d88da515fd5463bfb5e
originals/2e07a348-ae3d-5992-be36-565cacd32de3/A7402933.ARW	45056000	4cbefc1acdb8700e8b75e5597ff6da0ffbc22c599f7d2d181f9a33eca70b1370
originals/2e5665ca-b615-5414-bf35-3ca872419a74/A7403147.ARW	43167744	825445d8e44ab02824eb2a44dadd81d5e46a62eeda0c7f105da6d603188c53b7
originals/2e9b5ba5-9033-5632-986e-0bd76cceda1e/A7403239.ARW	41684992	cb08535a49ccb4bc3bd277cf28e95d07f0ee230a1938b74689c1f2a19a9a0073
originals/2ebb6689-0e0b-5f62-bcf7-8e3820f62c7a/A7402787.ARW	39071744	bdea59b97d5bdc0705f76e311af6d78411cc1fe194a9ed13175efc6ef454c523
originals/2ecc22be-c018-575a-9235-6385f8d13417/A7403109.ARW	41947136	3467b917dcb152f711e2dd3ef58a8c63321e03fc0f2fbd44eccd97186b4b0350
originals/2ecd327b-5e6a-545c-ac5f-76fc85319d25/A7403127.ARW	47833088	dee044bd48fb1074f06c9592e2a6ba0411bbcb16030e85d653795463002a2bd6
originals/2efa82f4-297f-58d6-b077-86e5b92e5833/A7403535.ARW	45920256	25edc68bba1dff1595fe763b3d2db99428f1b52e3e18160e7ceb3d46985c8c89
originals/2f0a7558-0882-5ab6-8c0b-3c13ecd33215/A7402795.ARW	40861696	ec561aa3efa2d5389756b467e256020bc367adcc4e79291811aa274c3b428fda
originals/2f5b20c6-c9a8-52dd-a126-20f5017b7f20/A7403414.ARW	45113344	6756a56c170da958fdc299e50b239118545fa6ea10c526f18c99a4c9c37ef5fd
originals/2f7c873f-1deb-5236-9a03-8e81618e52a9/A7402832.ARW	42831872	260cc78a5506f81cd14b4a698cf1349a7dc15fc804837d4823082f16aa5e43dd
originals/2fcc6945-17d2-5270-8f27-faac83670038/A7403213.ARW	48947200	b23d68d6213939e9e04cb413de3055ebefeaa2348c23f238af9dab01a8422af0
originals/2fd6bc6f-69fa-5415-961b-4c457b666c7b/A7403015.ARW	41029632	1c43c967ffae347725a00bb9e40483a2ebde37671035b1b998c2b3ad9412c3b4
originals/2fe8c4a6-3326-5ebd-9087-0343962ba6be/A7402964.ARW	41545728	7a459146d0a226e940189cc6df367ccc025142307caac54494cfeaf51aa53488
originals/2fe8d6bc-5913-5373-b5e1-68c990f05ee0/A7403126.ARW	47603712	37ad666f4e4698b09b5147615ae5c00de517c4834dac99bf44c9d06588a5e772
originals/300aee56-f5e6-5ac5-90b0-ee0424acb450/A7403476.ARW	48070656	4a4a4ba4c47933bb05472e534917b5e2fddbb097d0e04dd30c516ec1f84a6bea
originals/30d2b0d3-be04-5b62-ba55-02f042122db9/A7402948.ARW	43581440	4bd3a98a0adf54dc7e902eeb4f8289a45bc06cd6c740300f181d4205e983a553
originals/31c41373-55c1-5d6a-a801-6ce87ce5828d/A7402774.ARW	41304064	801c8ad069de5ea27fc4a6a9ce22aec8f6b0b0d43c9e8bef6b505f4786726d7c
originals/32140e56-9c97-5f20-99d8-5bedffa6eeb1/A7403528.ARW	43450368	0a416b3593056e3a682e0ddbded5e1606be57608375ca65b71f9452f6f2e553c
originals/326ca9ee-90ef-58a8-8935-f4b89b8ccdc1/A7403416.ARW	44535808	ae6b5884d70b9cb254d42903388ed850736aff47ceca01e494efb03c60c45e7a
originals/32700be9-357e-59c6-8a96-5d570b960bec/A7402996.ARW	41459712	984cb479502256457788048cdb3faf5777d33a2271d6ea409fe9f1acbb69a335
originals/328b1804-a43c-513b-8742-51cf0738239f/A7403050.ARW	42229760	8b742cee5ca83c7d5ee4cd4dd09553cffc8000bace2b06c8837abf38c494b3df
originals/332f977b-ee5b-5256-a84c-5d8d7f627b81/A7403071.ARW	42377216	1ff42a2f977d13d4edbef9cbd73899b6f70695764f40994854323679e8424b14
originals/34003ad2-23cc-581a-bc22-535319883cf2/A7403035.ARW	41828352	43d5468e8519d6ce4d9a8bf206bd944469debe920b26c043d447ec3b304dc4e7
originals/3402949f-8360-5438-b152-76751d691642/A7403460.ARW	45711360	d05196528d239f76e21d4a884456a8559469d2467ba05bd426d3f53dcd974f24
originals/340b008c-85d9-5030-a7d3-81a05fba8afa/A7402871.ARW	45420544	55798abe6db67e65ae17263e67b689eec486657b5b77866b245c3f66a5e0a7b9
originals/348808b2-224b-5f6b-97b1-df8b440c2c3f/A7403362.ARW	46534656	cee383e45539459a4d6c29c3648eff0666b2c7333f1129e8acc2951ae036d7ec
originals/34bf3009-e87b-5e15-8219-5f65d7e33ad3/A7402946.ARW	42033152	f3557a0915ab882ef423fc4526685b02a66bff5f01bff4f899c28802dcda2cef
originals/355c53bf-a595-5cc9-86cf-e4096f15defa/A7403481.ARW	47747072	a6cadd923c9ff3e54119397bac86b0e135242ea374ca527673ee337e10c641c8
originals/35d6b305-0652-5264-aa31-c1c69bb3091f/A7403452.ARW	41811968	8c671cc5a90815ce9ceccf326073387d7b8b7f4643b205c76c66c4a724b5ccd8
originals/35ed342d-5c04-561e-8176-84e1a61cf11f/A7403256.ARW	42516480	67ffe262cb03d315e433c1b8be1d84fada1c17bac53f5ee9e1d5f239da18240d
originals/36889c9c-54af-51f5-95f2-e1bd281007de/A7403478.ARW	45486080	cbc1312ff59d45f1908f8845f338b83632a42dc7969640ee505049f44f80e5f6
originals/36aa9bf9-c6e5-54a9-bdb3-9035270015d3/A7403493.ARW	44482560	aafa13e1a818cec320e440351384ddba6866f1c6ba4983845de0a82d84397767
originals/36c37e35-e4e5-5156-8a73-a764730fde7b/A7403238.ARW	44032000	995bbea070885cc558cad4c32b385b83453c7a99cf93c4bcda96efaab1b030b7
originals/393a4c3b-0df5-502d-98a9-40401502b629/A7402972.ARW	42852352	b4f384a169951d5ac59d8a0585b155b42f4aac91b7bad3728b2f35eb5149e82e
originals/396b496c-1691-53d5-a9ab-b3de17d30b06/A7403092.ARW	46043136	8780be47ae6a883dc3f9a563f04dec89b683b048121d8443f8c3f70a0c695cca
originals/3a04ab9d-dd52-587e-a8b0-794cece6c6a9/A7403529.ARW	43286528	3992cdf85d4f7f14c11cd11400960aff24aa0e778004ae3b3d7d57f563f979f7
originals/3a58df57-9bf3-5a01-bd93-f2a80bc62670/A7403319.ARW	44015616	37dae770e2d6aa95cb0828eb87d2f24665356901188a385c1f56cd48a8c4b222
originals/3acadee2-a26d-562f-9c8a-dc7d216ada10/A7403432.ARW	22147072	1f2f85cb7ec72d264f67338c5df206bf2688a37f9c719a9b31b365ef730d7987
originals/3b38999e-bcfc-58e9-b663-1012000537fb/A7403468.ARW	47833088	899597de20b1268eed4d08040b6bbee200904da70b6ae1b2813ae89a0b8b492c
originals/3bfa8c9e-7774-5809-abca-975a68c7cdb1/A7402825.ARW	44867584	8fb28285d4d3f2c2341d45aad0e39ef6d107f02ca46918e4509835b5b5ff98d2
originals/3c455f37-9395-5930-bead-516d586128e9/A7403464.ARW	47648768	3bf1db6d4b3f0e3bebf5cf8eac33e43b3b366c10524a8bd2afe0c564e0a8b086
originals/3c4c48bb-f813-5751-9f2d-e11c5e50d84e/A7403502.ARW	21250048	38e53ea96b31003db01b9c03447444895a2e8f050693dc5406babfd332c56b9e
originals/3c64c997-ae83-553a-9961-f32e6f8998e6/A7402823.ARW	41947136	aa07f85c1e93ea22f77a75d9d411edf63629e952989ae6680b6301521f1e0fee
originals/3c69e9f1-8192-52f8-a512-d4ff1a056f8c/A7403327.ARW	46108672	ec51b9a73170876226e32289eab914073791baa48dacfccc072ae069671b12e7
originals/3ca38717-761c-57c8-91bc-4de956eb2152/A7403395.ARW	45281280	c88cccf6a4e446b5c082a6a4be76d1202853cb4d8ca92734762f9957e331c26f
originals/3d344234-0afc-58e3-9dd5-1d7eec613fca/A7402752.ARW	47497216	9cf59492bc0ed93cfb3cf1aca3863209254bcd7f73126a013e638b44849b7e56
originals/3d399ce2-2329-5579-810a-a1dfe4c87dc5/A7403287.ARW	47075328	caa5f27d63dc86b68c8c4aff2f83a3d7b090ccaacf21b894af2139378554a22d
originals/3d3bbaae-5b89-503c-8580-c59fc5737ce1/A7403407.ARW	52879360	ade0c0ee48db5f881fd8debaaa789e7cee16ab4fd31049cda7af9df24c5cd207
originals/3d5c1309-bfb0-591a-bd93-6eb8e0921198/A7403020.ARW	44969984	97bbf18ac34982c735b9615fb96bcd2dee71366a13a60563d8fa2fbb99a21f41
originals/3d85fec4-5671-515b-ad8c-c7a36ed672af/A7403148.ARW	44244992	81b0c24915b36c344947e076f5b93c06aa6c4511d31d93dec66cdb52747ed6a9
originals/3dab6637-5481-5e8a-805f-b70360eb995c/A7403300.ARW	45432832	a64c0c2d990f67eed3476e8a18786aa51d0a290953cf2da8e2233a743541e3fd
originals/3e32ce98-b85f-5257-b7a0-3ce9aab1a6e5/A7402793.ARW	40734720	08b48d9b421caf903602c4b165077e363437b283084742afa21125bf1bad1723
originals/3e4240d9-aeba-5594-91b4-9aa3eb80a5bb/A7402906.ARW	42295296	0942d2bc7c131b7a75f0abe1a28b7ab4771159dfeb4ed9db161a7f0db0214fb8
originals/3e90171c-a0fb-5bc0-a9fe-af142cbe4461/A7403480.ARW	45690880	94a98bd8d648c08fa097112969c36460040b7bac72cc3b58c7b4bb7357a080a2
originals/3eac6841-1752-5702-8092-ddfaad3221f6/A7403036.ARW	41914368	adcdc7fbed1c30c3059321626f669e900d5f5a46bfab3b311e8cb26fe3879d0d
originals/3f0f8105-2fe8-5852-8c5e-ec7f84cc746c/A7402878.ARW	45989888	54551ddd4561a28257e0a14afb2fd08af128af532bd5169dc68081f3aa5cbd78
originals/3f3b9b9b-0776-50eb-a5d5-0f57ed1d442c/A7402790.ARW	40476672	7d07cad5fe3747e163ba6dc7df8750cc613a7eae601fa467aeb2c42b201fed5c
originals/3f9bce2f-b569-588a-8689-cd5343f361ea/A7403474.ARW	45907968	74b489831664259e82c5c53798ad54d47005f89acc149dc05b04d7978e2d8b7c
originals/3fc6dc0c-9960-5582-adb4-ad6e5c36f9b5/A7403105.ARW	41738240	53706206dede6086974893b29b1b7b83ae443838d79d8293a111b4104cf04bb6
originals/400823be-9220-5f3a-a897-7ce7f71a8a17/A7402829.ARW	44965888	d1c154f7eeb85da6e5a453aa57503133782512da97a14d8f72f3bdba2965414e
originals/40136ff7-8898-50fa-bc67-7eb733f52196/A7402802.ARW	47882240	5ebcdfe913c8db65479114f3aef4dceede9489440c86f180a11d2f108d17ad11
originals/40237669-1f2a-59b9-947e-a7b3164889c0/A7402835.ARW	42332160	49e133b53a2ebfe6c75c6e05c2788e7c648a19818ba0b87a5a986a99d4192392
originals/406cc3b6-2e2e-51a7-a78b-cedbdcdcdfa6/A7403229.ARW	42778624	2ff5323b30086c630dc2afb4a9aef660f978840af3b852084efed85d0387a50a
originals/40a66a42-01f1-5db4-aa76-ae25ac51cab3/A7403262.ARW	50200576	51118b9b764cee2f709b0088de05f9f6a5ce3bfea22c3777c9a0a0949491ff6d
originals/40bfbd78-8ab8-5cbd-b78b-7a11ce889a95/A7403469.ARW	48377856	99089cc2f99b8ca072bf8841bdbe5973ae611dc156b116e1e13bab68d8fad3cb
originals/4111fb64-5815-5234-ad31-90fc68a6cdaa/A7403008.ARW	42278912	45e6c4d5422e8227baded31864c7c4469e1182654b825941bf435caee570a50c
originals/415f6200-0826-5378-9527-9f4bf1f6af13/A7402927.ARW	44699648	a96de4a6b46529fd1814dabdd3ace3f5124c7d756566297182f515d6f72caf81
originals/4168ab3a-06ae-5884-bdac-659250b2eda5/A7402781.ARW	41328640	1e0caf5773dc7f3e07488ee6e711751ca8c4643a364de4e70a303f1392d427d4
originals/41a9682e-030f-545e-8404-04c200d61a42/A7402801.ARW	46981120	20d497f4b6bdf82d785fde07b2d36b767e0db5ce3365ce6340e31176dd300e24
originals/41ed6018-9cba-58ad-bae7-22f90d6af480/A7403332.ARW	45883392	5c7d06af0a15cb5cc0283ea45c4ba84f847fc4c1c2da5f7063c7e03a06091b67
originals/421fa2ed-641f-5817-a7a8-22c888dd5ba8/A7403064.ARW	45944832	d64924b0d058333cd7a8c82054e82898cc477d08531bd6b7278f645c449ad8bc
originals/422a0186-f12b-5cce-a3ff-d508765b787d/A7402985.ARW	41680896	67fcf930b0b22fb4bd76a2acab7acd791e7addd01933eeae5163360d670ab013
originals/42365f9a-ed1f-5358-a0b6-f6e2ce553316/A7403273.ARW	50376704	2d3cf2e0cae566b0315bbc127a1ac881935f4a50585f126353562a3a45645689
originals/42715c89-7bb8-5704-b9e6-247f8d9388f4/A7402820.ARW	44244992	861f9ba18a595b8065f88103d0cd802ebcaac3fb980bc411fcdd32c3100ed711
originals/433e2911-0937-58b6-99fb-aa3156a391d5/A7402986.ARW	41234432	ce0a954261a79da528b3a3963fb1f2a4b74a1e4f092c4043442994c88b3a2976
originals/4359805b-aa5b-5df7-ac33-b6b0b3bb4e19/A7403029.ARW	42397696	5c217a96a7c5b0598d9d57743d44b2cddc75e93e17b25d1016f90dc5d95b208d
originals/43cca47c-e742-5e96-b365-97f8eab4281b/A7403141.ARW	44208128	a93a3e939556656ebdaf682e0ea7996af8a4d0f4bf664ded2b57c8507187f96c
originals/43d7a9e6-ce79-533f-9566-09e376c177a4/A7402969.ARW	41693184	fc7a7bef419f5253e865e9c4559055fbcc1c0d4b0959886736d66a2d02b3c9d6
originals/45391ab0-ec47-5834-aec6-d7b30eb07333/A7403190.ARW	49115136	d8eb28bf5ef30551d39d368712c1f03ad7997d00c386625fead39c2ad749bfd3
originals/459cee9d-a9f1-5040-92b0-8739b79d37a2/A7402912.ARW	41570304	3da309cb751a7e8069a50c2c4aa8ccbd31a22b4bae497742b367e76984740d2a
originals/4646ca41-e914-5dcb-ac52-5778d74faf1c/A7403210.ARW	48652288	2e767794afdeddcfbdc50ef9fc95e304e1b521397aad51d32b668faa979136c4
originals/4684a826-1c77-5461-a677-2270b9909392/A7403063.ARW	41684992	e25c35552eda773c8201a967117f25e8d9387b03d5ec3b21fd5bd2cd15e51604
originals/46ac32ca-a211-59f1-a403-1c72c4848518/A7402923.ARW	39690240	3f254578b584883e092b0480f53e2c44e3ab61433ca1e2de611d86650b1985a6
originals/46ac9bd3-1733-5249-b0a4-278737cecd9a/A7402916.ARW	41537536	06ab7c2b7dcb889ad8470610b34e1e4213e6cb3bfcbc75a7723c6641f65ffe26
originals/46b9c2a3-9377-5caf-b69d-675ea255f434/A7403157.ARW	46321664	0ca266352b253bfbdad3429f755c22e5d827f09d2adf88028303248a6745bb5c
originals/46c6e65b-7789-53ee-af41-27523cc1f77b/A7403497.ARW	21217280	c8b5812116baedcd21a57a1c75339b4c01200861f43fd1723d2abbe034936d8b
originals/46de2e55-9a7d-5a7b-a60b-200b11d56378/A7403456.ARW	41971712	8cc5169e0bd7507ef946a340087352857ffb1328dac352bdc0a21d89dab6175e
originals/47bc2672-412e-586d-9406-5afa481e6ec2/A7403246.ARW	42835968	d8dde07c5c6ebf740d0a792db51db91b2f0a0863841eb1d7db417328fbd4ec44
originals/4846f9fd-4036-5431-b1d6-5814f5af5936/A7403448.ARW	44752896	fa8ee2dbbcbd97e4f0bbddaba76f5297397bac42e3c3629242082d63aeea837c
originals/49059e38-c567-5189-813e-b91eea783104/A7402885.ARW	44335104	232c2a70f936328d12e8cc03c839076c7536082114642074928931b931821fc1
originals/4930c109-568d-56b1-842d-e7973806023c/A7403503.ARW	21204992	70014d0dfe153961df9ce4208c029f5ded5364d8938714b93323624d4578c087
originals/4933916c-dbaf-5b24-bb44-e8334754d3e0/A7403129.ARW	45764608	58b05695ab69d652c6dc49e0aed5bbcb481cc595b73d0960a7cc97211bee53ad
originals/49620d2b-3607-51f4-9456-a995ce661429/A7403175.ARW	52314112	fd9b9eb28d4b288e68e94544cf5ae5ec79898834439ba2644c5e7db5d3348444
originals/49bf0f96-5b7f-5895-8cf8-ef2216d2e1e3/A7403167.ARW	44949504	ecacbc8728600b7dddc46ad11755246cb4f056de51809a0293afa7e5b88169c4
originals/4a4948b2-b760-5fe3-8fa9-c84b21f5fa30/A7402898.ARW	42557440	90463a00ce8151472121198fc81e6ddf51e8cf4ef9fad4d35c650adb9b8d0633
originals/4a4ea286-35bb-5ba6-bf7d-e0d3c71e13d4/A7402931.ARW	45531136	400727b150f768fe37d7e0e7c2238b9351db644397e46b6bf49db3dd7307362a
originals/4b35588a-8865-57d0-b3bd-69a54979666d/A7403489.ARW	44765184	39371a0aa39e78a805c372748e53ccef6d790743d22b0038491f49f21aab0fd2
originals/4b54e873-a4f8-59be-b5e3-0ddb372cc818/A7403128.ARW	47579136	7a53a2cd652ba00b2e544b5a5934cfb34168e2bb25dffab4365a8955de865c78
originals/4b651491-85fc-5691-b109-ac1e647c549a/A7403219.ARW	43819008	194a361a3b2202a029e3d69ca068b6e37c019b6546f6a0b08279dd085faaf5f0
originals/4bbd9303-ec8d-5cc3-aa4d-993bdf0c6614/A7403371.ARW	45641728	1c6cd38c872f1ad892598f85be770bf9bca335d968593ad38f0916409f911b6d
originals/4bd3c3a2-8633-590d-ae33-7851bba51179/A7403160.ARW	47595520	f3569136c4edf4d6a1f2a578555e45bd10399a3b7f2add250750e5cc126d4dfc
originals/4c6d5247-2745-5e1b-9a74-6dc1e38992ef/A7403189.ARW	49188864	dff0a775a32fda69e601a4c426ef1d6841e1c43ae8a7f0f34670aaeb2892c4c9
originals/4c963be7-03d3-5351-9a71-39598fbfcad6/A7403294.ARW	42360832	f40cff82b6cb8fc9af6f71d8538ce809f30883fe1323549bd5d72088596f178b
originals/4ccdd9d1-455e-5405-9196-e5e97bb92efe/A7403122.ARW	44793856	f3cde435d3bd3c36f7c6bfd79608bab2827d3203a64495d2b1dedd2643cacdce
originals/4d0c35b2-0d06-5c27-81f9-0726a1772f2f/A7403119.ARW	41480192	a0030ee6fd286b6046adf8f2021df4cc03623e234bd1829725501fbec81a2e2e
originals/4e729c15-8870-5e1a-b947-a3d9250ec02a/A7403342.ARW	45244416	23a97ceb09a96c26673ea1d905c5adb12bfeaa52d383c4e15ffc35b75974cd42
originals/4e84fd83-77a9-5206-af42-692c594d21b1/A7403068.ARW	42442752	f7b3ede2933cd72ebb8f5a3fe3a58a48888eb53997608d4607a99aebcea35fbf
originals/4e94c220-55f7-51c6-adde-571055b78902/A7403358.ARW	46456832	825b74152bf666ecb552ae53d24ad97a7e5616bd4b5167bc1565193d0a98f999
originals/4ee01018-0981-5e13-97b4-a2dedb0cc71a/A7403197.ARW	43442176	fe725b8e03eba742c7826f74cc7ebd6c578c4166c9019228a35d9c858164ce0a
originals/4f79c5ef-2293-5f1b-82dc-9e94cb9c597d/A7403241.ARW	40878080	208c7aae207fc0fe219a64995135a4b19e1c7d1c9e8f93aa313802b9756efb9a
originals/4f89733c-a500-5a6d-86ff-456002457a69/A7403133.ARW	49033216	00bf5cacf8133ad48f7cea056c9a4df2a5740528ca6502bf58a7a3cf857a22bb
originals/50abc392-4621-5e47-919b-0f790b6f62f6/A7403531.ARW	47140864	e25b3a51330b939a10cd5080e7a0f3b22961e915bb739e4439e54d39c2de7ea0
originals/50afd5a9-afde-540f-8b07-166613621219/A7403000.ARW	42332160	8fbef0e31d709a6de879a212322814036830b3227cbfad241804048eacf4cb28
originals/51278091-eb95-5efb-a333-16e5009d7a1f/A7402915.ARW	41500672	2f17916677915768d8a411b853658a150bf5ada02b633e548334073318e8c5d0
originals/518fcf41-cf8f-5235-88bf-78ea214e9ed2/A7402749.ARW	47566848	cd8cf13b3594f1f149376b59598127501fa2384157c896997a72dd818d3659ca
originals/5260e225-9aed-522d-9286-a66c14080327/A7402907.ARW	42442752	950cf7b42a1b0da10699f9648400858dedde59801e8df22cd5ce6c7e1cb79caf
originals/529a0283-66de-5806-9118-fce765d69607/A7403383.ARW	47271936	af1fcfddb8279fc20c7577f511307e506c2161ba06d763394bbc8bad3b031483
originals/530023b5-bac7-5daf-b244-70130f24d311/A7403103.ARW	42037248	ffb64b4b44b7115ebf76845a3db41a7374a40eb6755cdb4c93b5185d9cf7491c
originals/537b05d2-3d47-5c3a-b2ac-ed225cf3079c/A7403013.ARW	40960000	74f032d87e3e130343a24c7a4c7aac2f1986f3ae15107425b04745a26b60ecb1
originals/53faf649-c2c8-541a-b7ec-3695c3256c82/A7403177.ARW	50974720	e6a95b3464afd352e1a4fb17b9b35db84a01181d9b152b192701ce13e166fdf1
originals/54425031-4ba2-550a-8707-c9561f4be1f0/A7403522.ARW	47562752	95d75a5cc781854162599c33ab8cae3fa9c80ca0168c9a549d83e3ef4b59f1ed
originals/5452b297-a3bd-5923-b3b7-49927726277f/A7402962.ARW	41406464	dae9036fa089cb0331c0f88ceb69404bbea077f8dba68af5be09643d5cc436f9
originals/54b44a86-c5ae-5e8d-a378-c51c0b5cd7ad/A7403001.ARW	42004480	af18e2e2bd67df2cacd4be75c07c37ed96f970dcfc640a1edc76b9f2bba9ee0a
originals/54b5227c-7dbb-50c8-98bf-2d12bd8aaa8b/A7402971.ARW	42385408	2f609e67531ffe020ad4874f6ad7feb942ad3c2aee6a08fa781d24bde1db683e
originals/54cbf208-c5d4-5c35-b575-6d4b93ef54f9/A7403003.ARW	42188800	66bebe558a5fc7bd4e5c15fde56be542b43e63d990b7eabb9af4a3f6bf13a96a
originals/5535af27-7e4e-5874-84fd-2a4862e849e8/A7403340.ARW	46088192	75322cf55271724d0bc97c5e933de500e555d364d244a2551373493d033111b2
originals/56330f4b-cded-594b-a6d1-85b9c5a82f31/A7402808.ARW	41496576	d1e28ee28d7d7d89a31088bc7ffa843b5db31d3bf995d3ce485c0cdc25c09152
originals/577e3968-7eb0-5378-a42d-e69a17eab56f/A7403430.ARW	21970944	dab452bf4844a25e854f3ae9a0a1902ed1a70d218a0ae2f7f2208568d9354344
originals/58875fc1-5b63-5f5e-b88d-8af8eec4485e/A7403153.ARW	44711936	b923252a677148290ffa2abc290c1eab79e8fab0a57c6bb30cd658c494928980
originals/59dba2ee-7944-521c-afd8-f6a710d5faa4/A7403338.ARW	41402368	b06f6fdb6af0903ce6b53c7cb1a735cc2f4d3bb7aa88b0b1f3fd8a3ea4a89703
originals/5a805711-af22-5093-aac1-728d1f41f9ed/A7402990.ARW	41459712	05981fbb9feb0e855bf13f067b8991a6366d5a3333b47b9e536471a15947f384
originals/5a809b91-323a-58a2-beca-c8aaa7f04580/A7403265.ARW	49061888	6f4e71950ff0d3425272e8fa61b3286d2fae9f797aa38ac2fc7a51af26f8c187
originals/5abf86fa-0ae7-58fa-8235-bfcc648f2de7/A7403511.ARW	44060672	d6a4f4de217fc09bfc704aa4ee8e810acec05b07ae3a3bd64d7e45cf1717ffbe
originals/5b41c53b-490f-5125-925d-fe1272ac3b16/A7403421.ARW	43794432	a789d6cd6e8a38954cfbfb965de5a4bc0060ef53acbf0e50a70968682a7e77ae
originals/5b498c9b-75c7-562f-95fd-8e092bd37b95/A7402810.ARW	41308160	fa2bd5dbd74887f10b7fcf030dd655ff1a06e6cf401e406d0c4578741919026a
originals/5b5759be-293a-5508-90b1-67d3896d5e32/A7402828.ARW	45203456	2635790c93c938c2f1915470d1c6ecefa671638d21826a375c33e4b24fa156ec
originals/5c0f5436-60b5-55bb-bf18-03ddc980ff30/A7402896.ARW	42577920	7e9ac2e8d16ebc3096dce17e82bc156de1ed063d567e4218a008f7ea08383db9
originals/5c93c2f2-e826-5370-ac24-3da166ea7726/A7403418.ARW	45817856	2564a883658775bea2e9ce07d802334a91a964088ca4ff4949568e3f7eb76f7f
originals/5ddc16a0-a859-5009-995b-4ca70c803daa/A7403370.ARW	45928448	8ce63398fb68a86c5b0364152a6426ea02f0f2b8fd6113ee9b33940737c247ff
originals/5e5d6f53-8086-539a-a71e-a0a2a269d11c/A7402957.ARW	42221568	89d19e2187c33f6eb9489665fe11e3d0d8b332c6a9cf4edc0f75d53e2b17a164
originals/5ea382b2-c751-59f6-b3fb-70ee7b784cf8/A7402995.ARW	41459712	94371e01a97f6948d64d04d06f64932f54a049ab34ab18cdc1d698fa9c0b8a1e
originals/5eed7846-fc0f-5a20-8e9d-fb809f013f41/A7403419.ARW	44773376	f783c87a548fa22d215b1fe69acd903fe1968c1ad39b970f1d7d170513d092a6
originals/5eef9d82-0db2-5310-b612-e87a76250bdf/A7403031.ARW	42164224	4fe9cd6ef3f6b7368eeec9eef2f1ffc1f5423485f435c21cd72d66431b9a493e
originals/5f5b03fb-4374-5ecc-a463-9eb05a399cce/A7403357.ARW	48103424	ed9a816b71cb286435180d5a49130f6e82d04ba09606dad0e212541585610863
originals/602eee52-e976-5b57-80cf-6810a2017431/A7403037.ARW	41345024	342efb37334c786edb67b65718faa8278c9ef31875c33f22f9e1b9b81d649899
originals/60465ad6-22d2-5d54-b11c-e2ba6543f862/A7403302.ARW	44449792	090c317816c095f461ec1ce0ec762b136dc94911634bd9f1adf5e9a73384f539
originals/60823ff1-36f5-51e3-bc6c-906d620d1e71/A7402751.ARW	46624768	9bed9d95f86d7eb92190f1a12ea630a442a7cecea53ca159b29d7f3fa9a14019
originals/60e0f96e-b92e-5547-aee1-78f417aa7e02/A7403199.ARW	41680896	a5f426e2634f7a8ee3f6eb715a582099315a2bb61476bd79589c6a453fd86f9f
originals/61657a75-9f3d-533b-b08d-e13bc9b2df9d/A7403251.ARW	43315200	fe8ce4c1fdaec977df87ee13f81f724af85bea05e184725f6b41bb09af1b8f9b
originals/616b73d9-3622-547f-bb71-837dd0df4b26/A7402831.ARW	42704896	fe8d781b5c76c5c9b111b501560ae2b77afce5a5b10eb4132ae20d14bbfa986d
originals/619292e5-5a2c-55c1-a976-512c01f11bf9/A7403017.ARW	42254336	9f6e71cec6f56b1611adce3a2eae3f71f378f4f3a42967bf6b1a0f71ca8ca3d0
originals/61b45b5a-2e93-5329-b0a1-fc92296a0dfb/A7402905.ARW	42299392	96aec96b6b9ee0f56ee71e35fb44810071e8c6898d695034de871c822a206e43
originals/61b6e1a3-fbe2-5ab7-b573-8e8cfd5ff3e5/A7402897.ARW	42348544	f3a20b0e981b0247e91b19f03665a6afdb81e30121473f91a70066c0e38922ef
originals/61e3af95-9ce2-5bbd-b094-bbeef7fc5e54/A7403179.ARW	51314688	70db3ed9c3d4a1695d19dfaa30d0549928f3e42fc260abd1b660a37a60eac80c
originals/621f994f-9b35-52f2-b496-66736bbc395c/A7403307.ARW	45572096	a9cb960126981545de2ef10e72f4eb78c20dcf16567dade891d43d93871565ac
originals/62274237-f7cd-54cd-8818-20b26c46c520/A7403250.ARW	43044864	7808186f782551ba3268ba906ab75ab402cebe9eae8b03fb751f779948a5ba81
originals/626938ed-ec69-5381-8c1e-5567f3dcf9a9/A7403247.ARW	42258432	2fcf07c154cf4992abdc0801fd572c6cb1025a121538430d3926d7d065a575bc
originals/627aa44d-01dc-5007-bb44-76410893a64d/A7402821.ARW	44019712	35413429fc0e149f8ce391af77a61a13fcb9304fd41df0080eb6616d6c009fec
originals/628923a9-01ef-5009-9cbd-f082e775507c/A7402753.ARW	50651136	b62a2034316d6fc023779165ca5317ca80534ba15a1f7fd71f68df11b6afb3c4
originals/6296e936-a226-563e-a0bf-e3b9a100adb9/A7403283.ARW	49082368	a5f47533eeb1d6482509e0793dd408d8e645d2067d29cdef359b305d2964755d
originals/6354f4a9-f192-5a2c-aa72-160c255dba20/A7402767.ARW	41328640	ed93ff6696ba518e29541e88986b1e0d00d53a4d9a63494352c699e3cf3e36f0
originals/637fc1d1-29c7-5ce0-be30-7d4c694f5a86/A7402818.ARW	42233856	b8bf25e9613f9ab69766652cfff95851d71213a0b9c07ca479a6d317129ef3c1
originals/639ae0d7-838f-53af-b7fe-b675fe9a3bba/A7402919.ARW	41738240	cc3ad7b4e9a211e57de5fb9020443bd83e9b8f0605a49d23689874a6edfdcded
originals/63b04f84-bace-5b3c-bfca-eff0406908af/A7403424.ARW	45559808	5bf365e78af39f966a71ba5bab6b3163ff63fc6105ba3f2982217f260f835a68
originals/6486fda7-6fc7-5e68-9ee1-631924228b17/A7403352.ARW	44617728	e0ce3b636658e6e76035cd26bd2172332ce967ebc9dc4fd5551f44d124f688d1
originals/64d53bdc-8764-50a1-9415-bbc6dbd74fd1/A7403187.ARW	48693248	085018ec5be39a4e2dbe7e857a7bea74953a781cbde996b02831636ff7ce8b8f
originals/65109830-e093-5a89-810c-e2cc1d2c8a07/A7402954.ARW	43044864	0ed16b15c9dcd89dd879b49bd6e4513b1c1a1b3c9afce065a4f4e3e5cce5300e
originals/6546b116-e16b-5eb8-9d8a-89c7b3e426a9/A7403433.ARW	21762048	0567c3741cf9f0d458e6eac4afac0c2c5e3998ddba798da521f0372010d1e20d
originals/65fe1dc2-997e-5860-adf6-08b63126a652/A7403009.ARW	42332160	bb94f5cc54c93c79718f06374cf6792235801e746d5c99c9b5d4243bae8eac45
originals/6677bf52-dcdd-5d56-9c27-1b88cfaf3b34/A7403473.ARW	49274880	caa6cae2789f10eba9ce4334c82330849f468051d8c5711fc997bccb8724e7ca
originals/66b1a266-7fec-5e87-b7a0-71be4646f50d/A7403155.ARW	48750592	22afdd2fefb9878c73907475480a223633f207baca7c2729ca5ccc7023d789f0
originals/66f193cc-3b2c-56d4-aea4-eee61157724a/A7403083.ARW	42057728	e6fbb1ebf2f2836f68fa53ce3c3eb18be2e19d017e890cde26603b0c5092d397
originals/6734f2ec-ec35-5f38-8c2b-e8413e7aa256/A7402857.ARW	41672704	b7f6c3f2f7278faef74249c4276b53fb445d9022132fe75454befeda95ba97db
originals/683a9ebe-2daa-5258-8591-39457f8eccaf/A7402949.ARW	43401216	280ed039e47d37204f84028dcd756f4ee593b4ba490f8c663284fe8760fa0ca1
originals/68850230-ecd5-50ac-ad0b-7d734a54d563/A7403032.ARW	41537536	723246475a66051414d199a77cedef44be656db13bce99e80aa2a29238728917
originals/689a9728-57d4-52e2-9f7e-304f86d8b218/A7403156.ARW	45301760	11e3c9247ccf6c454df71edfc195740351f6b9c9a4e39e3be861eab68a00aa8d
originals/6906821a-f375-5a93-9747-fc6d15ec6576/A7403397.ARW	45936640	a09e6234acd5e9d954dcd22e5dfbd1bcf1dbe855b7349cf1fd42bf45c2fbcdb3
originals/6913262b-0449-5766-825c-598a285a3c3c/A7403429.ARW	21745664	7ce4b8d8bd726c31fd123851bbd255f790e847d9e763e448e8a9ca64b956d17e
originals/6975b60d-5c65-5c61-8391-fef511c306c8/A7402804.ARW	44597248	0a51c13f5aa0efaf3214cbb10e437e00fe55744454a2bb5546ba78cab2b5fdef
originals/6988a29a-9540-5dee-bbc4-72cd1a42ef27/A7403052.ARW	43880448	250cc02f53285208d0ed4d6dcd7a201bbc8a72bc06783743ae0dd40bba917ec0
originals/69ba5907-8786-5283-9de3-fa25be6f44d8/A7403360.ARW	45256704	37d20f01de1add2947dcea90125ff9379a0ef4abdac188a1183fae403427ec34
originals/69c81024-fa0c-5893-8c6f-0fb8a9fb687e/A7402902.ARW	43122688	9e22859cd78e6044bdadbe6834f3cff30521921d86126087227d5ceed354b635
originals/6a7be793-6c02-511c-875d-d007cc8a3865/A7403196.ARW	43335680	7a93f470e4eb062e1951d4b6ba3f6257a2b155776264dd330e6ff77c10c557f8
originals/6a7da3df-5f71-5e81-bafe-a1317d631617/A7403313.ARW	42582016	2b3b0a387b81ddf60f616f07b050db056d1ed75be4cefb379fc7f2a63b33aa81
originals/6a7f8456-a3a6-5da9-b79d-5d8e116dbd4d/A7402889.ARW	43368448	5c37576b0899a65fd2c59c6ebbce186086db4f4b9b6877e2989501465686e276
originals/6a81e277-49c3-5b34-841e-351bde0c07ec/A7403393.ARW	44855296	dcf26ad79e86955ad953e484a9791a3be51a945706c90fdc53f2e5de516851cd
originals/6a9250e7-4afa-5777-821e-4d3c1868a939/A7403467.ARW	47640576	c4950b6ba8350931df284e318be855a193dda1bc97efaa336d28549459f2f7e4
originals/6ac45c9f-77fd-591f-b9e0-f186b3fe6961/A7403164.ARW	46276608	a1d7bba4596e38e77f762c9096bcf885290bbd567d6055235d53a82cf28c0d4a
originals/6acea4f2-2d97-5176-a834-adac9fbc7a4d/A7402920.ARW	40718336	ff050a197020e17c9f3b6b9ffc14911b87925966cda7f439f1b34c8d59bca5f9
originals/6b81e64b-f1d9-5872-bcb9-b04e7022aa09/A7402870.ARW	42274816	575f4e85f0191404a6515106067cc23c524b869d504b529fee5974bac26b552f
originals/6b869c72-b9ce-53bf-9b90-c4d13e99ce80/A7402888.ARW	42606592	7c5d04867cbef8def646147e72466e4a2df2f1b065e138c7773013d640122eca
originals/6bae7a0b-da41-53c0-9edf-79a44e0aae68/A7402741.ARW	41545728	8f6804c786b8d291121b26a76f77e36b3fea718afe71d1b50b739216d9f2a990
originals/6c65d356-c82d-524c-b24e-76f20664ea56/A7403379.ARW	44859392	d83959aeb8176131a02e823590820908f5a86d515a381ed7be7be399295289a1
originals/6ce4b6f1-986b-5794-a710-7086575dbd68/A7402745.ARW	50192384	440e2038ea7d074e4710c2fed597baa1a6bf48dee5602e962843ed95600be7c9
originals/6d682be7-e998-5ff2-bd90-ddb903c25d1f/A7403345.ARW	42446848	7a446c11bfae6e9df7ee897c13c2e95849a30a1397dece1339ed35f477f2d892
originals/6e376984-35b5-5338-8050-b50cf7e0e9d5/A7403413.ARW	49733632	94ba6d950b0fa1d3231670e919bff65faf228eb571a5d7de1b06d66653b827a6
originals/6e66cda1-7399-5b72-a546-524e0b034012/A7402794.ARW	40980480	2cad119e500f49c8116539cbebd9055234fe3607cca28585c9abec75147b8834
originals/6eb46216-9bb9-52c7-9dd4-ecd4c035e44b/A7403085.ARW	47230976	cb3251fdf6054a2bb05369e49b4782fead76ff7630d76ee8dfcb92d692483812
originals/6ed8bf3c-ddaa-5814-b5b3-57386b6f3e99/A7403165.ARW	45928448	43ebd537ff4828d2b02edcde69c7fb2ec36a78ce09a200e99fb4956b4c5dd802
originals/6f12cf13-fcc6-5deb-99fe-bef80eb69c37/A7403532.ARW	46338048	1712ac2be9ab1846ae4d931b16bcd018bb03b75936d080571cdcc25e96e8e478
originals/6ff50d13-9ba5-5233-af89-e62f002c399b/A7403069.ARW	42381312	ce8a531de9831bb999e02277662d0149f29987fda96f6b5a96688d8d627458d1
originals/7025f5ce-3773-53fd-bde1-c235ae7262a5/A7403386.ARW	49160192	f6190f3ab7bb6c7dd330512407976591b8c3cea4e471fc15cee566060aeb4c91
originals/7063b52c-e548-5f8e-9e9e-6deebf9b2181/A7403058.ARW	42967040	2ce9071c8171778fda05ae966ffe81fc984c1af7fbd61b11a209b12713dc6978
originals/70df2400-4544-565b-afb8-317e1637f130/A7402875.ARW	45633536	19f43c01483d760232da0460a9f70ea391aa2a0c03125473e20e9f095717bd19
originals/7123f697-229f-53cc-8057-371c4dc13479/A7403014.ARW	41103360	7e623638ecb330fd1cf3ecdd25d0508a71cf44658f56d800f9f131e74e7d0d40
originals/712fad7f-7a29-5cf1-8406-4f295023555a/A7403011.ARW	44445696	f2e8feb717d291975c7a78df58f474f24e4cd56c3482d70fef9eabcc5dfcbe87
originals/71b5245c-3ee4-57b9-8290-69d5d5bf99d4/A7402776.ARW	42004480	560229bc178841f7874229b6ee85fbbe80c5f4d06c6f7a669f32e99bdd1d1d87
originals/71c96766-49a6-5713-aeeb-6b3bcbad4408/A7402937.ARW	44544000	6dd977aebd5a6326a761f74faebc67294b04cb88003a67d4011948c39e83b7a6
originals/71e6d9cb-3a06-525a-a42b-e35f76cf3095/A7403150.ARW	45203456	a1e95fff5abb9f7bb8213b2456bdb21003a21bea29e263456e23c52bd5425c51
originals/71f00b23-d92f-5870-bd1f-1d1f6a22c4fc/A7403254.ARW	42393600	ab01c15fc42f6583009d2eb799118ffdd26728e96fb24b494e236e2b04419329
originals/72128b9e-c5c1-5e12-b052-9c92582ad015/A7403463.ARW	46252032	faa3f30794c21b5fda6e849dfa57aada180f329944046cac12577b8597c74a2e
originals/72909942-b4fa-58d5-8724-09ba9c80acb4/A7403077.ARW	43954176	8d0b1e83256ae95527285e07941107fc6d4c6296bb3384dc6dcc2b59abc62146
originals/72a44600-8a0d-588d-bf92-283dae1a0b6c/A7402979.ARW	42823680	036dd73217ef4a5368e74ef4b5affbbcb83b46e5efdbc28b3a506c326c62f663
originals/72bb0592-284d-533f-9c16-a847c12398c4/A7403458.ARW	46125056	b2f18a40852cec6ebdf3ff87fd100e7a15d317fa30de7098331bde32bb506df7
originals/72fb7a59-8e9f-5711-9d52-73b34a312710/A7403353.ARW	44556288	d7048742338664e28c73ef22460ebec604b8c8de5d6bb54bd3f0d17c90665186
originals/73fa94aa-6095-5919-b5ab-9a212be62812/A7403154.ARW	45088768	2cb8025466b0dda0ef1ef702cef034602bf909aa844d4c407081f99cc8c6dbf9
originals/7403d4f1-4375-57fb-ac4e-9227170e7d77/A7403243.ARW	41750528	22c386123f0c4ab47e9f778a242b5ebea98a9eadc6b599fec8a0c4e49810e9bd
originals/7594ae7d-ebc5-5534-9cf9-bfd30e42c898/A7403259.ARW	47312896	037a91c767062add2eed7690fcdaf8d4e5216423481fca00a160e10da037410c
originals/75d44b0f-0b8c-52b9-b1c5-faa39a9b4f48/A7403392.ARW	43642880	9aaaa9d6f3e285331b7ac9f93f53f2c92a3e9c117c225a2d91473e7f7bbd17ed
originals/75ddba3a-8acf-51d3-999b-980dac1d0d79/A7402947.ARW	42930176	e237de8641acb64de0720670fd407591b726f94285f7aefb7778cd7a717f9c12
originals/76a96cc9-e3db-5d25-9390-1b5813aac8af/A7403007.ARW	42229760	62cbe4847d51310e8c4e6cf19a7e60e060ec400476a5037a653c0d02ce38d2b5
originals/76b4d29c-8f52-52d8-bbdc-63c8714e692f/A7402780.ARW	41259008	f1d4c365106487d40290ffe92a11167e6c64fee0adf78e5f6c31b2beca8dae55
originals/76dc43ba-e957-5712-96b4-36243f6f298f/A7402877.ARW	41877504	849a24e19057c1b4fce9247ee50370baae7da14dfec07eb93a88607e93811f90
originals/7704dd97-068e-56ed-b371-f2fff81d3b8c/A7403019.ARW	44990464	f6beaaabb4cd4e8e0219b8ca53590608ac3ad2ccf5a1e415e37d9c11ac883e52
originals/770fb1da-da6b-5d41-90a8-c2f515c98ec5/A7403198.ARW	42979328	8dd3d17bb70eaeb18a2750edad1ddd8094ba2b280b23ec122cf5bbbd80bcf0c0
originals/771b4335-9ee7-5733-9cd5-e532b25d2067/A7403446.ARW	44847104	6806c097f2850354951a281ad9212b46242f3e62284fb3cf397e4d867e6df24b
originals/77227780-ca30-5ee6-ace3-6bde931f84bd/A7403275.ARW	49926144	45c401535543c81fc42ea7104f86308e3760004b666cb9dc4d9da6e31ee1e546
originals/773b6cb5-5fed-5b69-b34b-204fcb036e25/A7403130.ARW	44871680	35ce9ca70993efde05718e46673ccbd1736731dedf8b07822dd8a539b4a10d48
originals/77689f13-5f26-5f7c-8db0-876c192149b3/A7403121.ARW	41484288	ba4180b6710a143bc89a03165abab3ac786c6dac16f3ad23ced9ef5ca4624588
originals/778772a0-5977-56e2-a980-b0471a202b4d/A7402968.ARW	42033152	625720d610eb0a53f2a31081f5c9b2399e21dca7f44085ca4670626f97710a6f
originals/77ceadd1-a777-5ee8-ac76-aafdc794d5c7/A7402976.ARW	43110400	86643f59639736d8e550fbd6d5fa420c7749901f62e0afe8cd3a2d624acb7109
originals/77d101c7-93d2-5d2e-b9ea-9522b5a6c466/A7403006.ARW	41771008	619bb360bf1ecb6f508cff94e5ae388e06d8e345270015d413241ccc60a50ee9
originals/789ba886-d81b-5383-8e35-c6f1e26035ee/A7403002.ARW	41299968	3932c4a91292160ef50cc5cc1e33eaad60ec6cc766eda72c2c99e41461538656
originals/793110eb-833c-59fd-a462-7f968784bca7/A7403151.ARW	44044288	d9f98088f24e9d9ae74a25e8854226a707e4d3ff306a997832972bad142bfc73
originals/793a0255-451b-5b42-8fe4-6872daba3ab5/A7403331.ARW	47169536	b6aba4f6394ace6e734ef4b9887b1a6769753e3630362f7cdee4d812f108fa30
originals/795ed1be-891f-5224-88f3-03ad0b7ae31d/A7403270.ARW	50319360	0bb9d1895e3a6234cf07a43b414bbcde8753ec1637443f1b738ff43e98bf2532
originals/7999131a-bea3-5abb-a8f4-1ac512c432b1/A7403021.ARW	40361984	26166d248f431549601693e45ec8c429049be478ac480d342411fc7b727b61ae
originals/799f5e6a-4376-5ab4-961b-638675ea7cc2/A7403326.ARW	43405312	a509a23948d5404daa4bf17aa1890188033477eb5bf52df9a432442c2df0e1a1
originals/7a1473f4-78c5-5b58-aef8-0722592634f4/A7403178.ARW	50622464	105b6e61c35e8bb90ddde2647e11b6413c072e32a00bf24034d7da13cf574091
originals/7a84716a-1b29-57d2-bcef-2613d542ae06/A7403045.ARW	44277760	b166d6198c19ba11c405cf253d5a83d2665985aac016e14da37b2d7341a1fd43
originals/7b38935a-ba20-5805-92da-7a0ba96ea4de/A7402918.ARW	41562112	4bdc3b1c5373b4a6e5f8966a85612eead59fc91c5fa2c5b1873c4e0923e86126
originals/7c4340c1-54f4-5aa6-86d0-74c0bed937e5/A7402759.ARW	42070016	67243a1693839f840f0519ac719d3bc9ebb5997010afb79a3d4733530d4e9b52
originals/7c5196c2-f615-563b-8ed8-460cdc8c5038/A7402881.ARW	44580864	7be955f37462345a679eeff3977902781a9997eec90c05360303adce0c51509f
originals/7c61e711-c77b-574b-a831-a842f7f7eb20/A7402833.ARW	42745856	9e73a13f864d20dc577d43e593b94958e33dc9b9aab26672eb6bb32f6fd1aeaf
originals/7cc91d93-c523-54da-b936-7a9ffe13b57d/A7403192.ARW	49311744	d58f2c8a7a6d8728c5f16ccd5b70604b3334a10b9d81291ded580c5d742fd36e
originals/7cd8b5b3-46dd-5208-a4fd-f056b5ead244/A7402932.ARW	45330432	4b4163fefd878b9fbae11143cdd16938ab709cebd6919f1f33c2d621fee3cdc9
originals/7d60fda7-54c6-5d1d-8237-5902f006a98c/A7403102.ARW	42283008	764061779a63d16887c0fe630b25b689796b447ae9f6b77512d06d5e8609de5a
originals/7d8f3412-6216-596b-919e-492d4db6a616/A7402966.ARW	42151936	00617c1a17ff762fff488c90d7c912dd83f0589d2f202ca5cd2a264458cb6a20
originals/7e2e7ca9-ac77-5913-94db-a562e0d6bff4/A7403442.ARW	45907968	b7210fa6c13bf6e2f3d137505fae17a4c92fea6f0611f3dda8a3d2ef254b0670
originals/7f1ae854-1cec-5535-9d4c-bdb3238ab240/A7403272.ARW	49815552	8a148e37abba72e3fcbd0a79b2af7991cab496a29bcb832d513d44f13216670d
originals/7f488b06-15c8-5129-8fec-924462ba5523/A7403061.ARW	41136128	020953208b99f11d0e708c5364c0096eb30962cf7c0c39cf5a5b091d4edb590a
originals/7f6390a4-5c8b-532d-9f28-145ad0694226/A7403378.ARW	46186496	ed04f7fd4e40e5c02eba203ef85962984bf8314cbcf4fe653a217295a65eb36e
originals/802752c2-b355-5766-96e8-d2a9f48e31c1/A7403163.ARW	45240320	0e663d4f6ff7e92d37389104ca11c1c5a6e878d42f1420e7ce0070591895e50b
originals/8044327c-9a4d-5aeb-9625-15b08fa6c1eb/A7403401.ARW	43065344	761f5d24af0e619ba1639440c74a5daf079a1cc84e097d0d770c25cdbaefc1e5
originals/804e5adc-275d-5f92-a59e-aed1cd09cd25/A7403355.ARW	42881024	dc28e64f13e0e01510caa2ff2538613f67f322af3831734145e8ce39110d61f8
originals/8058c658-a680-5f30-8245-55fbb3b679ca/A7402974.ARW	43024384	b41fe3f5c590d0eaf84b896b8ea187e5524d46ff088c5581d590070925366b09
originals/806ee4dd-d31f-5c0e-b292-c47da34cbfc7/A7403507.ARW	21315584	926c501e251cbcc0c880ab0efe290897563f13798539c0696a4fb3fac9566784
originals/80a259d6-472b-5fbb-b3c1-6e90847bc9a0/A7402770.ARW	40148992	5935b7ec0c3421620469e899387d5ab0e62a6579f5458ad4ecf68629055f2726
originals/80dc85f4-780d-5f9a-9d3b-da493f098a75/A7403034.ARW	41926656	a9870baf0c167be5634d10c97b3e16e0328c13324a724627359c6419b3fd3df1
originals/813f620b-c44e-54b9-a016-f800159fc85a/A7402999.ARW	42024960	04b4e03ea1ed532e29c21f7e732b4cce9b2f38b0146574a0ab76188ef5ad44bb
originals/816266ad-7b66-5bfc-8008-70306718d123/A7402796.ARW	40431616	52fe2219ed481cd9cce5d781425146bd024ea524b77bdb920e3c4e99f55bfba5
originals/81cd1fa3-95da-5628-ac2a-97511710383b/A7403096.ARW	48574464	5d089b1bba2c229bf23f150abdc6a4134e192398af5ef842743e7a61f9e636d1
originals/81dc8acf-1217-52c8-8fdf-a4d079c02083/A7403236.ARW	43700224	8f911367d0149c23b6f72e753c6253f14d509ba10c4279d47b2353726b29eabf
originals/81e5d83f-772d-5caa-a5f7-66470d57ca69/A7403089.ARW	47960064	8e40d7bbdad5a3c79421d128328a144d0ad6fa173dc1d542d408514a7d32b041
originals/81f06d6a-4d9b-53d3-a2bf-a65f53de2fb0/A7403377.ARW	47509504	e7940abaa1cd82b5e3fba86747883be2fee1fac0e3200469d398093b2e77952b
originals/823b3328-6ba9-59be-9489-972e9e9b75f2/A7402757.ARW	41734144	79bbc0981f72cc3804824a40b1ea6b3daa3c3a144fa12d8aa24ad72ebab030d6
originals/8304e008-34f1-57ab-9595-e7996c860cfb/A7402991.ARW	41598976	74e8ebca789185298af58853b3e0ac91d09c0c0404c17b4dc349ca112bd34815
originals/834aed51-49bf-5f2f-8209-51bd0ff2a24b/A7402860.ARW	46014464	4b134d53afc90eee35ec328dc3cf7a28e1788773472b7c8957ce0cbecaff35a5
originals/83af5585-2403-5ea6-98b4-e3aa26330932/A7402994.ARW	43425792	ca857296fa60e089d997cc757601390b14fe4665875932864f398ff12ca74ff3
originals/83cddad4-ff7f-579b-b7bc-2fc0c87af619/A7403203.ARW	42307584	e77110e32c9f7bc74261acef4cedb124969ee6f827b3bd3d8121b8993d82a71a
originals/83e94fbd-d474-506c-94f6-ba8a958c6392/A7403510.ARW	21360640	b901097e1ff323457102dcb28699f5918dc9cc443e32feadcf3c010d9213832b
originals/83f2bcff-27c3-54b6-a0dc-47b19f5266d6/A7403143.ARW	44220416	3a7d93d1619d1ac0a6d6a15e5ae18eafb85b91d57d288917451ebb1460fca138
originals/84639b6d-9368-5115-8e2f-675cf0a2cef0/A7402922.ARW	39944192	966a15448d346e9fe04fb7455698d58e8196b5907c2acac8867e39123d435163
originals/84746fd8-f33d-5ccc-836e-ed8c6ef75a8e/A7402791.ARW	40423424	6586b2793344444fda4a9292d592043b9ca8cb5af33382d11dcd2254ea191660
originals/84dbded5-73d0-555f-bad3-53dbbfd9ce39/A7402952.ARW	44261376	4ccea3d845b673afc9400a782e413261a94491bac751eb65c0471d778815bb43
originals/86b3331b-d063-56af-a1b2-36ab3bb3982a/A7403264.ARW	51290112	0c71e862a45ce8ab3fc5174a1cad970e23b0eb6263de289701b00cc0aaa10bf4
originals/86cafb30-7f49-5675-88f4-25687b12520d/A7402814.ARW	43765760	b952f0ad63c0f6276f9d9e6d8b317269545ac96a2ebbb528bf542ed61061c187
originals/87983473-5784-5c3b-b74a-1cff94265ae4/A7403382.ARW	46673920	32c4e6605738efae4accb734256819137b3fb8133edc879fce9f647f20143207
originals/87a09824-945d-5753-92e0-fb5c0c39d122/A7403328.ARW	49176576	2d732c54fccca05aef012c29450dc9aa8b7f1c2be17ef79daad2b3cc62e5081a
originals/87d01b58-968e-5442-95ee-d9fee9536ce0/A7403470.ARW	45740032	f778646a51cafcacadaf80e254f81e2f4add0d11d8171629974bda913bbc8fe3
originals/88a32e2d-dde1-581c-b973-5c30aa755763/A7403220.ARW	43118592	839c4f40116b75c460c714c8ad4468e388e67eb8e68d96695519d83cb53ac366
originals/88e13fc8-c181-5d03-8644-e1f199001997/A7403110.ARW	41431040	ee7edf3fb3c9a48a03f6f07307bdb3f55113bb598400d67617228d92ed7abcc1
originals/8909764f-178f-502b-b2fb-da49bb95ab11/A7403258.ARW	46718976	f63267c2b55857d21887008ee793eb5a519d0fca188b6a581e2eec469569c611
originals/893a5969-3062-574b-ac9f-7fc298341646/A7403176.ARW	49811456	2f69bcbc0f832ce72da683159d6dcf69226537b0a17557ee19ec8b41e47f7b98
originals/894da78b-2761-528f-9715-160d85311c45/A7403437.ARW	45641728	cf419199e2049a8330e3d214d028d9a102de26a9cae4fa62458f5503abde44fc
originals/895472d6-4c49-5585-bc02-1b9bbe7a0891/A7402978.ARW	44146688	3b27cd7cb03b0ec30507949794f5c866d96f526d0f94b6475bf07f74093c1a49
originals/8a97231c-0f9f-50bb-b5d9-36ae886b5ef8/A7403194.ARW	42975232	af9ad71ccf3a28bf8833988e3ad1c3c34fafad3ce1088f047183c2ef707cf79d
originals/8ac3ec58-8452-5023-bde2-c2d29a274d0d/A7402950.ARW	43487232	e534568795c4aa5e5618ba6693610d88a87e1a821d5e2e6f33c5a26e1534ef08
originals/8b159d3e-f40b-5be0-ab18-692cf6cf0dfc/A7403422.ARW	42233856	c7cb2c7484f53fba60dd8ffb4e3f7f16eaae402c90df4ac232db784e3cddfa23
originals/8bf0631f-3a8e-53d5-8e0f-f5652b50b99c/A7403381.ARW	49160192	f1f837c285dfc8e289dbfac6f3308b5eb57affb028eae5aa7f3a790103e41886
originals/8c0cc3c1-f1f8-5e06-bf1d-a5a7a1367179/A7403540.ARW	44056576	89e9ac09afce6c0ed15dde386ceb73f3ff3a818beefc83b8fc447dafdf5b4c40
originals/8e0ad15e-bd27-50bd-a9ac-40fa3d11ac8c/A7402764.ARW	41627648	41e18716c0205d5153c10b824e797821dcb8886eb28cd30a9480e49ca70e4b30
originals/8e172041-1cb1-5e14-9ed9-741f519f6304/A7403310.ARW	44584960	ca8546bfd703d2d457f74f62cd3993c7e77e0db8cd4e70efa3180f0519e7792b
originals/8e17806c-bd9a-5b3c-864e-b504e99593d8/A7403281.ARW	46764032	96bc773396890c23d5bc637411af8d84b5051c460d1e4912b8954fec3b1457c8
originals/8e52e56d-312a-5201-8d21-32af139aa603/A7403359.ARW	45637632	c8e0af2f719e27df9d002a0c9150b1ad0de62a5aa6c0ef763dfe4a06b71b6780
originals/8f37efb0-c6ed-55ca-bc76-b165a6c3f265/A7403046.ARW	42332160	26c5fbbe402372a5d2bcde1be5a47ec996872399d372a551a9c566caff38379d
originals/8fb426a7-47a3-5ec7-8913-1b02b23af005/A7402899.ARW	42217472	e14bf5b0c73fe55e843970233dce25383965c03c534280db03dd793dfdcc1685
originals/903ea734-8637-5d62-bc2f-c11630acd8c6/A7402955.ARW	42033152	9e92f7583544eb16ddfe08e5409d8c9d2bf31e13bca9e6f6513c9fd3cf81fff9
originals/9057c899-3496-5b7f-adf4-d17827a3b492/A7402944.ARW	42356736	601bd9f3103c1fe791ea69de806a7e6af491783fc536839f0f7ac6b4ab0a6abf
originals/90b00a39-9888-5501-998f-f009047dbbcf/A7402798.ARW	47943680	80720d82036f1d443bc31f0c6875894527535cc8059240beb11f1747a28902e0
originals/90d5f782-cead-5d81-9aa1-f8d0d44a3323/A7403335.ARW	44720128	e7d249fa13a9062ee0f7fb726c9ee61fe167d8274bf6965b7877c13a727b3248
originals/9106f928-460a-5d20-a677-3abbd1b5fc3f/A7403537.ARW	46510080	ef3aa2b7f45c979a9938e4fbe5138ef3a236fe42ea8d3af69fb32d5fc931d859
originals/9157f6ea-87b6-5e74-9336-00f647f37cbf/A7403227.ARW	42004480	c35d4335a086ed2d0932d746ed9fe245d6653ecef94a7a962f38a40ad5d09807
originals/915e4410-85c8-5cc2-90e5-d2977dd443ee/A7403201.ARW	41574400	7fd091e08acb6dd061aec68d8b4b4d5a533337e932bcd53afb0e1df0f4071672
originals/91e95027-6eb3-5367-a2c8-b9b9ac8be245/A7402884.ARW	43237376	1980b78162658d71bcf51fab65aa2851037f4bb4fe494548e6198e37b6fc0841
originals/92859ce6-fa92-530b-80bb-84320b94b7a6/A7402792.ARW	40345600	5b27059d524713eb697590f6847bcc6b5df1e7e3a95aa79ba29d9e0c2d06aa5d
originals/92ae91f2-bb21-50fd-84f2-efceea81881a/A7402750.ARW	49348608	2653a36ee57812061569ba943b4dfbe40dc17421562927408ac8120d2c6d8928
originals/92bfe73d-9d8f-5f21-af64-a86cdbbfc111/A7403542.ARW	44765184	dedba154f3a5a5514af1efeb37045db9cb218243ef95f5946da4a3644cdfb6a5
originals/931a12d0-eac7-5240-a0ae-a4d9f00128e5/A7402867.ARW	42139648	90d36b0c3615e39233796fbf7ceef2d3211e86d837a67b72ce8716ae8cb60407
originals/932e2633-d3e4-54c8-93a2-2ea4cdfed40e/A7402983.ARW	42999808	8ff6cfc4c6cc4a13a0e105f7cabb6533d2364bbe87f0232aea27c14642055f6a
originals/934af4dd-4703-5e37-b7b1-1803fae8e278/A7402772.ARW	40431616	fd3cdab13b88e9511bf8b09424a8b2767077909a8af9bacad1ee7e9f836b74e8
originals/93806fe3-7bf7-573f-8084-3a9995354394/A7403115.ARW	42733568	7ffe8a947d6cc594555b1b1a8d0597469c0e033e48776d30a1206e520a5a6a75
originals/93e998ec-eb5d-56be-91c1-b3130750dd61/A7402876.ARW	42463232	17b12b30de59bb071ac43198441a6933f34c2a9bc0e96bec50bf0cf4762898ba
originals/945e1fce-283b-5171-bf08-0d26f9920ec2/A7403435.ARW	21581824	743e3b6542e35c4de5c6b90add32da33996b7cc99e0bfc1dab3855b2bfc7ae9d
originals/94e5c35b-b980-5bdb-a287-58c2ae5a499e/A7403024.ARW	41480192	3d8815e6be748167a28af0726e960639210a0d88cceab7020a14aeadba2bf05f
originals/95ebd688-42f7-52ea-9f24-14fb895b0ee3/A7402892.ARW	41373696	453865ac60268f19b209d2324f1bb83f6e7a8dbc4f939c2cb59316b0af456bf1
originals/9626051e-444e-510a-b765-f0ff7fb96d1b/A7402956.ARW	42045440	e5cf12d88753936b26fd99fd283d335446249d8a2cf468a621665a0fb14fcf28
originals/967ceac4-af69-50a5-b873-02c7bead646a/A7403260.ARW	45445120	a35bc7a228128c892bbf9fba32c0585bff9a7e37512d4c706ed9b404f78f9c82
originals/97017320-408c-5bf4-bc98-2dc0feb7da8f/A7403315.ARW	45223936	2d3ccb7e205d01fad3e8adfdbdc817a5b7f4e847bbb13b4fd4532896d3817fb7
originals/971fcf5c-b057-5a0f-9b98-40f8db020a03/A7402917.ARW	41594880	6439a9dcff2606cf5f1862b236e25b4ea74f8c87f641fe630eaa83865ce72f15
originals/9729befa-23fa-5f70-a97f-843f7954f78a/A7403047.ARW	42450944	c9245bd7a8af4be63b1f74d2d23106b876346030e9bd0878f1a5680f71673e61
originals/97bccb99-4355-5387-82e1-a20c3aeaedc7/A7402817.ARW	42168320	f2e0e30ca448d286312ce7b23eb2a7e5854ca193366752ad973d57eac19ef423
originals/9818ba98-c33f-5455-a98a-196e48c2b9a9/A7402761.ARW	41349120	b24521cc5abbd92f71f6f7f4bf4cc4b9176d601789227e793d3662c722b224c7
originals/982db121-e79d-5daf-86e0-ef448012401d/A7403475.ARW	45752320	89c60e813fd18ca8f6414c8d480042663301a88671869f01b2e12ea6469d787e
originals/98bd6dcf-fd56-53ed-825f-e5b3e2019479/A7403344.ARW	45109248	3e2bd2cb0833b1fe4d2829c7b11bbdae803022a9c4ff05d473ade7e478ac7077
originals/995987dd-bd20-561c-bb03-be888a5f2495/A7402840.ARW	42668032	e746b1fa610d7d42605bfe0c8b028c353f4cd60e0846fea6f735636130939f67
originals/996fec7e-1c65-5a08-89e4-2fdf236b1959/A7402910.ARW	41377792	20d6de2b969ba5c9838fe7dee95c240d1255f3c28c783310fb7602d0c1b1b1fc
originals/9980b72b-da3e-538b-8e32-706ddca97252/A7402924.ARW	39727104	26afe561331fab651ba9c6e5a0901c197f4c2ec5ceb8ed145031e2b884804978
originals/99c96bba-0ee8-5822-8498-9ebda564f60c/A7403249.ARW	42860544	cc5dc4f616dab1de027c881d11deb7d0fa6f9716725edfdec2bde7eae9436532
originals/99f4e42a-8044-5ad5-8307-7879793b8ad4/A7402959.ARW	42131456	9ddd0f9b0213c02b34a49cd2ef039db25a3ea43a9fc75e619eb835f96222aa4c
originals/9a5e9e1e-fab8-5ffc-a6e3-8a33d926fc81/A7403104.ARW	41762816	c3561bc7d89af598e78966c5e80ca9f27008bb58431e42641e211e5076b9e8b4
originals/9a7eda55-d65b-5182-95f6-87c931f2364d/A7402943.ARW	43622400	1bd1939bfe13ff614884a25b8c3e2a737eacf60459eb302936a93d08c0736b0a
originals/9ae87bc7-c2af-5efa-a843-56647f192c5a/A7403333.ARW	45457408	bf6935ebc868291163798a41ee0effb26dbb04baef2472eb6f75633efb9f37ca
originals/9afb6b72-3c1a-54e5-8224-75be098af248/A7402838.ARW	43102208	b9acdce94b4b122984758403071487191e27a1c09c8bb522f6590630599d7fcf
originals/9b03c2d1-c8be-5b9e-a649-f2496f28bb6b/A7402951.ARW	44150784	2a26c0a60891a90a0e74d93e81252a68177af85c3b4ffbcafc15c2c37dcbea67
originals/9b3eea9a-f71a-589a-812b-3395dc256e07/A7403375.ARW	43732992	4c3051276819bf12799ad94bfc435dff9a3caa6a0a2f337cbc297d0bde62f673
originals/9b6224c7-e585-53f0-82db-3c4bd29e4514/A7402958.ARW	42012672	dece66ef24f5bf210970ec020f01ed92a902266404c3a32b0e6628a993643740
originals/9be44131-06d6-5dd8-a277-800e7de377b9/A7402784.ARW	40529920	49d0459eece34e73dc357b0cfd65bfb20a0ad21e8420d52c320550d06228064d
originals/9bf76e1c-c0c3-5d37-9075-08ffbe0bd86e/A7402863.ARW	43446272	e3e4437bed88e966fc44b45c12fbbcc16212d852143bab33d2a9b124be2cc57b
originals/9c402f32-3b71-51d6-a50f-bcb9ae46c513/A7403144.ARW	43462656	cce5c5984823dc69c04809b4daf01c6ab835e5f3abfe7306515f506a56273c84
originals/9ce5aae9-87d5-5f79-a7ff-490138da8913/A7403026.ARW	41725952	1feb66addc748577aa1859d2ecfc35b1e8877a776beebbff3cf31a37f30a6c4d
originals/9d7902c5-87e6-5520-bb72-fdaf6ec85c48/A7402799.ARW	41717760	b3638475e8683575a3c1f7f613208edabf79ff1cc7fab3cc2c22aa8725797d8a
originals/9da98935-a2c6-5e3e-8210-6ffbda03a406/A7402992.ARW	41545728	9a47dfa2de7a237dbe89c4e0c576821d642f7326c5be20a88f9d359c405745df
originals/9dde8f06-077d-5e35-8c88-46ed2a5e2ac1/A7402928.ARW	46469120	be3e994e2c0db53ec7ed0e3f2e6b4cec064d3960a5b7a336da34a5e083155957
originals/9e9ce7c2-d134-5f3f-894c-2847dc2a17cd/A7402754.ARW	22515712	1a8b9f60b9696a50a7fd2eaaf5123e18fd44f86a7270d70dc751f581e62a8ef5
originals/9f05f120-edc1-5180-b3fc-5aa613cab541/A7403100.ARW	42401792	a8291a70cc02c06747446b84c566810e9656465e1cc46fd39f2d46db4d7c13dc
originals/9f408d37-0e61-5387-8d71-c7d4b6cc0663/A7403445.ARW	45670400	7506307fefa5342c4e5d330e31b3d07fc767f7408e7f844d4b0e191abb280baf
originals/9f8759a6-22d3-52c7-8ed0-250ace31110f/A7403224.ARW	46292992	4ac6113c42a030e17ae62635fc892a27b557d4fc91b27e6fdfe05759f1ddd4d9
originals/a15622a4-2375-5556-add1-c092056d5202/A7403168.ARW	42942464	0c06fa0e28c1bad096efbe0baa6eb4e6e65c0bc3068083b7b33df9380ccdfda9
originals/a172c5ae-0bf8-5314-b329-9e80159d750a/A7403496.ARW	44527616	83c8d5f2205f0a572c309b392a5c8c430cf7789fc441b9400adbe6a7ab510032
originals/a19a24fd-bf54-5803-b8a9-d898dc8fb41b/A7402895.ARW	41639936	1a8a18fed8e8c1b9ca77da0fc5ba5aaa18873ed0babdaf7c7adb5cfa51e9af77
originals/a21e016c-cd13-538e-8304-8919aefc8c96/A7403215.ARW	42500096	06f07cd6573f55216822d9f02c15b84afe6b4f79fdb354bfda4d9a00b95eb0cc
originals/a230ff74-1294-5d5f-b857-eca8f113dfb0/A7403400.ARW	44503040	07ec34ed51f15d63e4bafed3164ea74637c2956847cb9cd29883b8ded540d155
originals/a3eb44f7-98f9-5244-99ef-bbff46c59fac/A7402939.ARW	45707264	d19c3574368d35ac75f3457c856387e53b7de27549e866f46701fc6fb563afb1
originals/a499cb7d-ecb7-5aba-a4a2-62972825ed0f/A7403309.ARW	44060672	bc588af704dc27fd113a1f5a2f5ed8361a88a2c47cce5f5191a6b67f6210c8d9
originals/a4b5b11c-aa87-5dd6-8286-76df027dea0b/A7403055.ARW	40579072	dbeedf02887cf249c35924f80f1c85404dc0f35d724429de3f7e37fbc5fa7a89
originals/a58486f5-95ea-528e-8d97-ee5b1da25c4e/A7402903.ARW	43659264	ced6a9f71053346cd59b7b4aab605038be60949a6f08972fa982df6b7a11281c
originals/a648db97-4df2-5c5e-8004-10391f3fa005/A7402836.ARW	44064768	c31be666e50aec45073da7815b7964b63d6c8e16b64f6874b259e3cdcc55f23b
originals/a64a5092-02da-5be8-bc65-8056f99fa47e/A7403135.ARW	42688512	abf90c01af7f6af194ba82f287638ec74efdd4f079ee8e7e5802d3ef80ffa30c
originals/a65216e2-3562-5535-92c5-88a169aa711d/A7403025.ARW	41697280	4c774c4d4051ecf288753555acdcde118b1328b0de8a6ffec90674e527605387
originals/a660fddb-e162-5dc8-91ad-a146ddabd5ea/A7403534.ARW	43872256	324fe835d540518fde5f781c9a1fe33f3b4fe6dcff304592a1541e1a201d74ea
originals/a6655d83-9594-544b-9c1d-263ec92ff046/A7403325.ARW	48381952	f068518f8d6cd91780cdbbbceaedf3fc6ac4ee00e28c87371953bd031b94cda5
originals/a677079c-412b-5422-8873-8a3090e46716/A7403193.ARW	49487872	2db4f60905f2b7b23462d6e742028eeaeba24d09b10ff25bf4806b1f2c5b4ce7
originals/a688af8b-2b24-55bd-b1df-812e61c58dd8/A7402755.ARW	47775744	5d22e469feffdf915577aba5352c62c542981d8683c6a03e9d2163feb1ffdf96
originals/a695291b-ce1f-5c91-afd1-b91d45f56376/A7403290.ARW	46927872	8e44f7a2858d670368410597fa4d12782f8c3f2531bc85eb2bb731ee98f90e23
originals/a6bcb4a6-1377-57be-868e-c18ac7f5834f/A7402938.ARW	44511232	cd1c01c612dded91bca50ddb7501eae9259f61f12541c97e7d99594fc5fadcf4
originals/a71dceb5-958c-5232-99b2-d403050dd2d1/A7402824.ARW	44630016	8424296aef586a543499fe1ae5a823c4a80dd2a9ca3dc8727507b437c5cfc09e
originals/a72cbaac-132c-5ff5-b232-b4d8315d9a06/A7403477.ARW	48132096	ae7d611648a70820b3f7456b429549ae723212631b9b1a10380f22d475c06ffe
originals/a774db10-fbc1-5b1e-9b65-f449a3520ff3/A7403434.ARW	21553152	b1d5ed551ef8ca1faf5aa3b3ff37a45399d53727f81f6c7583a137004aa2ebfa
originals/a7d91878-f4d6-5d9e-b7f3-be13253e06c7/A7403404.ARW	43536384	49d2db83abf2f802f88e7658df218cca3c026eec5de4439fcdb715f637910cb4
originals/a85d0788-48c4-5fb0-9f07-7761a6ef33ec/A7403530.ARW	43405312	0ec4cd4adad7ebd9e5384c14f120b0d8ebbb1873c6b64272acc8a37411429922
originals/a9aac7db-c573-54f3-baf4-094b3b2bdf30/A7403519.ARW	19709952	d81a37386fb338d4bf8dbbd80541a0919e5ebf459d53dbd67388cc5378babd2a
originals/a9e8bee1-6c27-57b1-80e1-0bc779e184d1/A7403271.ARW	50561024	f401147e6621bf855a6f1dbabde6424cfc00ca5603a46a0228534a74a901d4fe
originals/aa1fd47d-9001-5f83-a4aa-7629d25044e5/A7403263.ARW	51351552	71c57c8b142d524ad5b611dcf8c1831ee19a4fcb9cb5fdf38d0e735b64ca63a2
originals/aa45937f-5cd7-57b2-a366-d2814058b4f3/A7403304.ARW	45481984	54d5cd67c7195d1d7e68e121a01e251c311be4da67af7b861e9bb89a243d2f3c
originals/aa8ab1d0-3f33-5dc0-a350-b3c137f7385f/A7403403.ARW	43249664	de3186e3339d3c702ffbabed6522a1db4d8ca1fa0e135e6226ad9fc09bc6efcf
originals/aaa30a9d-f2bd-5e3f-90f8-a5102ca9deec/A7403044.ARW	44150784	e7879622315ef1f173553aa57e63f269af630d5d266f0e3f5a2d02793d05490e
originals/abb5300e-4aff-56ac-8f21-65a4daa6d4d0/A7403482.ARW	43417600	67f8c7ca188f2a7265dfdd1c49b22fc8b970b765f7e899b4e066fcc74c89531f
originals/abe68655-370c-5224-a87e-5362afc686a6/A7403038.ARW	41365504	6427830dc5c4e394e80b465609cc9f0433700e10f006c5012dcb9ed08741bf9b
originals/ac180570-acdc-5dfe-9ecb-5c025eea511c/A7403169.ARW	42876928	820cf7b7e96e6e786e76b1be9ed4bcb44424d9ca1bf4466788ce7a10dd152ef2
originals/ac24bc40-e644-5304-9248-1caea867e883/A7403384.ARW	45916160	0d6d3cc5fa8c3884bcb91b48d09c652137a5d02d4ccfb1818ec08b28866c3da6
originals/acc3c249-067d-51b5-a070-e372a459acac/A7403067.ARW	41975808	6767e1d51b4efdf761ef9f5a6645c97786ad0dcfcbd8777648aea0bc3a04b39c
originals/acd9c55a-66d8-549f-a8c3-ac43f4e44ed9/A7402980.ARW	42528768	14d029a881d221b051742600de337b812c06942713bcbbf4bc524ee21dda8b40
originals/ad58d3d5-5436-5cff-9445-fbb87a5cb3bf/A7403186.ARW	42680320	1eb6191abf0576e3cc32c4f24518fb84f1f554e90453096267a532c97b3b887e
originals/ad9044bd-407d-5f5b-92b7-23f0a0e38a76/A7403348.ARW	45002752	6ca1c0521f7453244c94a62a93951e94b1748c42c1eff211ddc8b97cff75a39c
originals/add7c94f-6045-5d6f-99ec-12177aa2e89b/A7403039.ARW	44158976	7798ab941d2db694f2314b071880394325f47365a34af9eb9fa9d687f5df6abe
originals/adecab57-4f2e-5cca-86cb-54cae4501938/A7403343.ARW	44986368	86d5f7f16a0abaa07aca1da915f6e166f04e4ffe28580f84846e0111aa4c9a63
originals/aec81bb3-3c21-5fde-895b-e631e5c6ffa1/A7402778.ARW	41254912	26a8aff5479c9ac7b9f894eb1b4505be08080412c60b9f59e77f0c383a143610
originals/aef5a6ea-10a9-5c7a-b579-b65307f6f89b/A7402936.ARW	44666880	af926859cf6b05ea4c26547df286e58658f6fa6a9c638d0aaee248f44cf12586
originals/afa5663a-a79b-5534-a9dc-976a5413a287/A7403291.ARW	47845376	8b9bf401e454b1fb17a09586800c427624cbec66f105c8e93804aee7a5b8c9f6
originals/afc71031-1766-5a0b-ac0b-90ed1cb7c839/A7403086.ARW	47128576	74095f3914c5dbbfa3b5292a59a00f23652e3d774b94f0076d0ea43f99a5a1fa
originals/afe6bfce-8419-534c-8115-30b5e6a0fdf6/A7402766.ARW	40980480	d34cea1f49697a9ce4d2a95a4cf6bfe2a602b010ab4497ba5d003f795efbf7f7
originals/b00580d3-cc84-55be-aa41-c27772da1b28/A7403491.ARW	44281856	fc54ddd6947d97214424c7619074a6faa9d0e8d76aa4f4d7af2e11351d2ee21e
originals/b01fab40-49a6-5eae-855f-ee32cb93f49b/A7403212.ARW	41574400	c811b9aa8b8e366a9c2ba777968f7eef2f6256c792f5c4b87689ba0eb5124df8
originals/b08ba52b-8c15-56fa-8c4d-9c5d5e2d7254/A7403204.ARW	41205760	87903028489aac163256825e8ddd591a4fbd3bef957b94ea0f91d2f2a6d6bab5
originals/b143eebf-2825-50b5-bb42-7037bd593ff1/A7403515.ARW	44863488	ad801f53238f8101d0bf16f16c204dcd0db5f061bd23f29cf91e71eb0acfe534
originals/b150e49b-003a-5a50-b58e-af2a56b98ebc/A7403139.ARW	44109824	e805e9293b739401f306483718c0918dd4ab12e391a9485643eb89b29ddfac6b
originals/b250b993-3cdd-5a79-a60a-c90130c15270/A7403427.ARW	43732992	26cdc0ce23998d4725038a960416b956ae88aaf30b8f871ad10dd6ea6bf4053e
originals/b261162a-91d1-546e-9b18-2cf880595e6f/A7402854.ARW	45318144	238362e3521455a5ab29d79bda2de0e6bc4d45f993a7e5b248ba9b2a8bd13683
originals/b26fcd23-c7f4-51f4-8f36-dbe5c0d43b73/A7402826.ARW	44822528	c3c772c867406b016760a51a8cec5e3f373e43b61e80273ae98e57ef38d871ce
originals/b2755010-cc0b-51f9-8aad-dee72086971a/A7403057.ARW	42078208	35d82d3bd7fd181c3592b607d75be24a55fa424b9409f5355fd7247c87afd870
originals/b275a0fc-c362-53ec-acc4-9c38d29d5c70/A7403351.ARW	44535808	37178d7520c7234b8f0470dd818acfb335d8b5f9d6effda3c517dc45269c802a
originals/b2791bff-21be-547a-a6b6-05e510d43d4c/A7402874.ARW	45969408	29414cf1b981d6a42407f2c780667f3a6e0f65ba08ec624988982a0577996dab
originals/b281fa42-87f0-588a-8155-497880828b73/A7403269.ARW	48103424	0c48f3bd2c87893a0a3a9df85574ef642bc7b3a45c9e331a31c45db907811597
originals/b3087a2c-ce3e-59c9-9eee-61716b0ab5dc/A7402975.ARW	43069440	c5f169a3e16d044dcc8695587b34e2907e2b2930e617e40df31accf6867368fb
originals/b3480508-ede3-56f8-8984-9d0035c240ed/A7403367.ARW	46616576	4363efbf8de164eda2afa0e6e11df894c46a29674287f7d5218b9cc9d925feab
originals/b36915a9-5b74-5f32-9303-79c4cf9dc3cb/A7403297.ARW	43286528	2c3fc49e016c54d777694e0561deceaca47ad9fbcbd6d4a94f7e8cede8f5da5e
originals/b398f891-ffa3-57fe-a5bc-8ea99ce03bf7/A7402862.ARW	43769856	b96c853072763aa41348318cebe9062d435136e7ad5c744b30f84dcee94ee0bd
originals/b3ebea9c-2aa0-5988-ac46-db253b2d74fe/A7403472.ARW	47259648	4fe710f0ebe632e1878ba86a29b9e1b943ec0c4e8351707a99cfbd2b9a9c6b1f
originals/b40360c5-a518-53d6-a5e9-2b200ab6de44/A7403444.ARW	45592576	d4b75b49ec40557d6792e5d6131c410ae7965263d74d919e3e8a53a486a1496b
originals/b428cfd3-77b3-570e-b829-029765915c35/A7402851.ARW	44859392	f539aa0d7b45b59f8fe8929ff13f2d5dbd71d70c6eddd649aaceaa6330ab8faf
originals/b454fdab-fddf-5930-9029-6dac25be058e/A7403500.ARW	21127168	2e8129680f83667852d997147dd613bb8199ee06b248210c793320e198b4702f
originals/b4db66c1-ae49-5b03-90e6-65575350e1ff/A7403408.ARW	49455104	58df7e5ceda398886c5cc2f6a5f7b30ff2fa2463d3e84e70cabcb77c8d000eb0
originals/b4ff219f-640a-524d-9287-719254336f0b/A7403453.ARW	44941312	520a41f376e7a2942187a8b665b8cf911dec38fc75f059a7eadee1098238362e
originals/b621a9fd-6fa1-5e70-a1da-71c64aa1325b/A7403062.ARW	41168896	a952327c5afdbbebc60d9f6b47abd2facabac38a10c12dfaa4614e06b0224a1d
originals/b665a1db-a0c7-562b-9f72-1e68390fbe04/A7403486.ARW	43556864	7352080add4b90a77fc653a69f08b5b98bee49e3e485059f6996b3af1cb57665
originals/b70497e5-9e14-5ce2-a155-5db383a6e514/A7402834.ARW	42754048	5b47ff7a7c8183cf9bade4d3b5dc563291c382e99318c365ca86703b504dfe92
originals/b76eaabc-aa70-5ac5-a3bf-f71e57b75279/A7403372.ARW	45633536	e759546e738c7d403939e7e95313f441eb9c20e7dab939e9b865e3db1b7aeb49
originals/b775a289-bc50-5778-8043-50612032f319/A7402891.ARW	42500096	6550b536f702040f8748fa751abe82cf25f644ba81d76c8399926931efac69c9
originals/b78fb5cd-9e55-56c2-8317-2762db78a4a6/A7403465.ARW	48222208	7030518f99932b349b7575da2c6df813a3071af468fa32aa59252d8352fd815a
originals/b797552b-e1cf-5c41-bc9a-9759a93ae1c0/A7403329.ARW	48762880	5c2a603f5117d265dbc06133ac1b4d1b3d71425395543ba8fc03ea1c8ef2e4b6
originals/b812fcb5-88b3-5f37-a09b-3cc8029fe459/A7403323.ARW	44453888	1533e968834c57a88b855a6118adff3229f3bc4d5af90cb5314cf92eacb65e8f
originals/b84f2a73-5df9-5f2a-a835-60357d049c00/A7403533.ARW	44711936	9dd5c4ae25354efe93e7fad4d50429243c91f96a6ea9810536de86653511bd81
originals/b8c5f688-f679-509b-99d9-4b456a39c254/A7403479.ARW	45527040	9bef6b3e0776a0fc409d5c7bc4ccdb2455b207931d9da0c89d8ec9c4d9dd98fb
originals/b9e19135-9102-5d45-b403-2701503be615/A7403004.ARW	41828352	1a71e13c21821af484c6ad838786212e6aa79ca61100fa73a3fbe152b2310645
originals/ba614266-9c18-5ec7-811e-d03c938d85e8/A7402777.ARW	41590784	20b03a94e7ed7c3f2c3ef86192a86947de4176002fd37dda7bbee3cb10ac31a9
originals/bac76af9-f091-517f-9836-be1872d77b27/A7403158.ARW	48562176	59b0e1975dcbdb08af914cbbae98d43e88932c687f1e7b0b8c6033d31645ce57
originals/bae0aef8-1e72-5d06-b6c1-b07ae3ccbbd3/A7403524.ARW	48537600	43380e69da869092369698e59f7a76a53826d0954afedb4e34640b2209a542b0
originals/bb79287f-b664-5763-8be6-cb9c5076f131/A7402882.ARW	43589632	5acf48f57a3c7b685995c895a8df8561d2b9989e3e26fddd445b1ddf72e19037
originals/bb84a4c8-0f3f-5b77-83a8-47858fa7fb2c/A7403498.ARW	21229568	1a6cf04ad70561142887a6bef50641828e88fb0b99468bfcfd1dc450ffb52ded
originals/bb8ea3d3-9073-5f03-9ab0-5662f51136fe/A7402879.ARW	43401216	9b6606c840d95cb6824573301c303bdc40a161b7aa8648194722a1859838228b
originals/bbcb97ff-c87c-5079-a488-00ef3129c382/A7403336.ARW	45359104	90883bfc48e46b12aa372b3eca6fd0d6e2ea72b1901406736950fba9159d086e
originals/bbf2b3e6-bae8-55a3-a489-860dc453ae69/A7402788.ARW	40857600	b5d070ea56c024788fee89458dbcfe59d9c8ae8d9f29ad16a3bb33087fbc5f23
originals/bc0c3dc2-b6eb-5f68-9db5-fd00d131708c/A7403106.ARW	49254400	aef271dd7cb12143e0a55c65b34fbf433449385d011cbf62946fb2b00dd7f1a6
originals/bc55651a-197c-5969-9004-a68445f379e8/A7403161.ARW	46854144	ed852aa0049bff737cbdc430bffa4edeb5831d002ed51cdb56fa56af09b5d7a9
originals/bc8ca971-0087-5702-91da-d8137a6e7c51/A7402852.ARW	42389504	ee545ca15b0ad4d747a110d6b71904e5f0cb21481a5586a86b8575e1aaf81ce3
originals/bcaf1881-9c36-5e49-9ade-f35ca7e26eb3/A7402742.ARW	44568576	482e1ea715bd2e241e71b561a2e937f2ee109d67aae5267fcdcade9060ec4e6d
originals/bd295644-c112-5295-b28d-d08e99e32f37/A7403149.ARW	43909120	30d5ebf2dfdf61fc8be43611048738f8405e646a357fb8b344cafd0bc6b9754f
originals/bd400431-d247-525b-a978-6f09bdc85f4e/A7402873.ARW	46047232	f873f12560c7c620bf96af98d2091cc28384407eb759a38ec178a261970e8e75
originals/bdc93126-54c6-5e19-bda6-ca2fb076f781/A7403208.ARW	40869888	d9dc5407d286ec16e953fd432610cabcb789417d6afa08b60300c455f019d18b
originals/bdd21213-76dc-5740-932f-7adba4b5a155/A7403439.ARW	42360832	e248bb001835425626ec67b3ce36d0e9468131542db9b67c361674f7046c01ef
originals/be76bec8-6306-5180-a37f-0057156a62c8/A7403166.ARW	45166592	be36dfd10f5ec2f0b9d334cd7ce106cd59bc1dfbb9d0177139177e0b6275e285
originals/be930b5a-0131-5529-af4c-bd7b2b88c2b1/A7402868.ARW	42283008	828858f3ec792b624b7b5a529f23e877c7501178d10f3e8459bf4d993bfcc518
originals/bea381f2-a1c8-55c4-bd7d-8ef378fad223/A7402965.ARW	42008576	dade108f5c25136b63b7e492ce2ee472398c167bd6caeafbc12f6daba6940035
originals/beaf6109-484f-525c-b99d-d6c2df709f8c/A7402839.ARW	42565632	5bdf69aac461b64ba1b1d0ae2a7f0b3cdc5561104f1a40f20f346ef0810ad662
originals/beb93558-f47f-5d37-8add-a9d92feb4861/A7403136.ARW	43220992	1d9f30d62cbf0d188fe53c16dc3a6701387164e06dc917fe60abc821362fd6c9
originals/beed7326-c165-549e-955d-4cac0bde6c99/A7402830.ARW	42610688	6b9d671dd51c3d3fcff4fadfbe30d1db58d83f00ba691f642dfc3abcfea2a5f1
originals/bf77fd1b-c88f-5ed6-95a5-2733449df4cc/A7403341.ARW	46010368	e5618c35c6c8743fd2c36ac2b8abd5779a4ce1c8714813b761e78f0c8532cf9c
originals/c1a7d19e-2e3e-5cea-ac7c-5cc3a26e5c40/A7403209.ARW	48582656	eb728bbb1555875c0754b47f93b1e1193cfcae2502070125b21f1d39ce7991d4
originals/c1c8ead0-ee44-546c-8a5e-ffaf8993bd80/A7403350.ARW	42094592	d5843b96dff57e94a2508a107761b124949b07a88ddb7bb3fe0a3f68115d5418
originals/c240d5ed-e8cd-5d24-bd4d-24c1e81f2229/A7403279.ARW	45469696	1a63aa972593c94efb1f0177aea0ea9e73f6de021ffe22b81d98adee51312740
originals/c256acf5-172f-58fc-9617-67c63eedec3b/A7403152.ARW	45481984	7c55dda9d80577d207491d800696cb5e2b630cbcee52e32e15ba0983f71b6ca2
originals/c30a3c44-92bc-51f3-88f0-ebc43e78faae/A7403159.ARW	49754112	f7e4fe17b4b1f7c2e1c4f99aa9b78178960fbfc206b3c54471f97204ae9895fc
originals/c34cc289-1cf9-5632-a87c-b0968e3dad29/A7403374.ARW	47136768	c51e8d79bae30872169d3aa8b2cc8df65c5b5e6b9fb72dbf35743885cb411e46
originals/c39f17e1-3f28-5bb5-bead-dfc5f16950c8/A7403518.ARW	40333312	681dbb27b41dae472c681d1da270ce68818b7cef4e7e72cd1f2723df3414f6e4
originals/c3a8c932-958c-53a9-b713-1a56eb798f61/A7403048.ARW	41336832	4c316048fefd432257077ac1114c65e2c95367a807a3b58c987b64e325efc486
originals/c3b5e71d-d7fb-55b5-8cf6-669b72d9f924/A7403417.ARW	42852352	8099625b12794922ded41028fd0283671b5c57e10675e370d4b8caceb81f7b0c
originals/c3c39773-e666-5ae5-861b-46ba401469dc/A7403090.ARW	47263744	44b51e8ee0ebed6d9b6f96a12e8d97d5d24571e6b36673ccb46786af25e6c57f
originals/c3d506a8-c6e4-5787-acc2-4f1f09375d95/A7403368.ARW	46600192	5df658eceb463c30f5812d2443b508d26916bed800e79a7acfdaefdeb461565d
originals/c3d96906-8201-51a6-b9fb-312f9edc0f92/A7403132.ARW	49180672	735cc8f563f6774d5fbce015625012163f708e0dcf8d7c61c46b39eacabe1655
originals/c3ed7121-c4b1-5e05-b3ac-d2b55382300a/A7403296.ARW	42692608	f4e0eb011fdef61aed7bbd85aa3406ae772a3ef4430d318a892e5c99f2a7ef5e
originals/c3f8f6f9-df23-5732-9fec-6a43bd3c1b00/A7403125.ARW	47648768	b7ae2822bee19637adc62c615093a1dae6c1d389c76c9da40ce13b3e801646bc
originals/c4096165-f427-5f73-9e91-71c9faf7a60c/A7403538.ARW	45092864	2771f3bf14b04f127728f2fbf87a6f3dc616e8c6d391ae136d9ef0c332a868ec
originals/c490b9d2-ab0b-50c2-a78e-250988f709ee/A7403388.ARW	47882240	b6365f174c3ebe292a8065533bae17e9f9b15076c536022a012e184cb9f69469
originals/c49e6493-5e34-5c65-87e4-37cb8a0f952d/A7402797.ARW	40448000	87963ce4b1fdc041d266bc392587660bba54c70c4f0896c28e12d6df5d148936
originals/c564d674-34c1-510b-b427-f4394d3f15d4/A7402853.ARW	42500096	613c427d4d86312898446672d88bcfb71b905c2719189e6616d7fae4e38da825
originals/c5657619-ac05-5b7d-91c7-0d3b2a00ac1b/A7403237.ARW	43950080	2ebb1226d7ae63c867ce35abb13d3af622b35661777b0eabb22089cfd69a80fa
originals/c5824d16-5390-53b1-a694-ec6d47bdcecf/A7403398.ARW	45387776	1df5cb771b81289e1bc45867b26c29c72887046d67f1781a626cdbd2f2ef257b
originals/c5855a68-4ee8-5da2-a39c-a9dc2093bc8f/A7403488.ARW	44187648	e7a1d98cebca7ea8d4a7e81044c89098dd67d04d71fcde78cec1333e99f73a09
originals/c5a5e7c3-d5aa-5db1-bf0e-29d94c2c02ab/A7403441.ARW	43970560	82fbb5ea7b9ba041665a787629d0d17e0a5b57330aef7a305ff18570a3be12c5
originals/c5a8d5b4-e63f-5fc4-96e8-a96c432033ad/A7402843.ARW	43532288	41553ae36aa65de0f8404ee9fbeebe45c4b632f1113645d9b92e2c78295bb3fd
originals/c6963de1-d01f-5829-baf7-92d7cf8f21e5/A7403010.ARW	42541056	9390232e8d32b648bd97a7da53a776a63524a1251511044904a1e605b2ebbf7e
originals/c6d09a68-540f-5238-9040-d81a082b784e/A7402911.ARW	41336832	f0dcc6d19cbfb982cf80d0460960e9a79095ba0e9fc0bf4e079088427c1583bf
originals/c789eb12-630e-5002-bc84-31168cd11e1c/A7403431.ARW	21950464	97e48c9b4d1caae0f32a5d5e5187c83b69d1847d5f23636dc7add563f46245f2
originals/c7bb8454-19ed-5266-9c7a-49e3142dbb65/A7403516.ARW	41099264	080e0fa40ef97fda8cf90c9e6fa696bb4e4f969e68354488f3c498567c20226f
originals/c814b8f6-74c5-5506-a953-5315d471eccc/A7403539.ARW	44257280	c84b154474be53545bf8f2f8273969a5a8f2e69d667de253a5665dba16d5a972
originals/c8380e37-5b14-55c5-8ebd-5bdf39f91bd7/A7402844.ARW	44277760	afac01808d4ac2ef47c616a1b3608074b24df2aec06cfe1f92bdd4dec8fd796f
originals/c8790259-1905-5214-9ed6-f2053c6aed37/A7402760.ARW	42229760	bec6294c05219e76ce2c3e14d7e05f4dc8256f71257c2a5d3e35aeba043db5fb
originals/c8dfd034-9f34-57be-8204-f54d7cac0531/A7403428.ARW	44281856	93d924d2933171cef4c4a8e35ec76d36d72a7c1c00ae96f254387b78dc8e6ff6
originals/c905bfe7-e001-5764-9249-8d8aace75fe0/A7403124.ARW	45527040	8e687526d14750fb9e5559b833ce743fdb00272ce263dea7b30b10a150e0dd77
originals/c95b30b1-12d1-5c3f-a393-119b5c82b671/A7403314.ARW	42491904	d90d1ba9c3348417930ce35ed0943cfef28bf2c0c5fbe290f55af197ed3a6f33
originals/c966cddd-63d7-589a-94aa-94b697ca3040/A7403195.ARW	42795008	67e5e04364678dfc9fc0c6555ab8d345d7ecba9a0524a3c3bf24aa4e51e41e59
originals/c96a2a00-7bc7-553d-b29a-0014a553f731/A7403255.ARW	42094592	ae4c74fe7791c2713d0188f28154b69d1172e66443a8e95c28186d04164735b0
originals/c9abac57-9304-510b-b23a-d6bf2c4c154c/A7403232.ARW	42676224	a4828d6fa8b04f25b740f59a087ba1805f3eda108f171209cf64b102c2fdbf3a
originals/c9d03e05-70d2-595b-b145-237b4e04240f/A7403268.ARW	43651072	32ee413581b18a7685f4faca857f94f31dadd71808c5f92a1899616d91247547
originals/cb14f88e-83a2-5657-b314-f61f354ff544/A7403526.ARW	49209344	1284ed271c48661a5bcdbdd0f0d7f200d39239819145cfaf18a25d924388b8d0
originals/cb364a44-9dc1-51f2-a568-58255b68c663/A7402847.ARW	44449792	a5c0bf059a46bdbe07bc53df386fb4e9711ee53ee7527b151003cf6ac65f9875
originals/cb36c9a3-ff52-57f3-aa3e-2990c2d66c41/A7403094.ARW	46465024	bd02b0225f515607c7f2ad25d766be2df0fb8609b83e4bac1c2114b02f7037de
originals/cb668179-f971-5117-8e43-86ecad465585/A7403455.ARW	49098752	5d8817d6cfcdfe8721425e4ea25aabfa76e23ed6dc3cf776b90c6c7cfb499958
originals/cb9a640a-1e1b-5f34-969d-99060ff0833f/A7403113.ARW	42348544	375a5f0904c8b8e34e7b062805cfb16dff3bc9d30ccbe690bb5aa7f6cc7ecce1
originals/cbb30eb4-ef6a-531f-8dc6-ef44b4c4ef0d/A7403412.ARW	48656384	8af55d6c01b186e539b667b5e4b2fae567d3ac9a5ba7605bf7a564b46494c14d
originals/cbb4416f-157b-5fc5-b6ab-90e71db5b115/A7403240.ARW	40927232	d40bbe926ceb37cca7c210ea5d9b6fdef6a40cb7cde2182dde68120f3d4f5caf
originals/cc08c9b3-a454-5cad-a5f9-16b8a1fd0daa/A7403114.ARW	42917888	402273d5f380efe1ab69e8a60b4c52ddba9f5b2c1eba0dcf1a0fd8529d9a26ce
originals/cc161ff0-96ea-59f6-b97f-0c6570e193b4/A7403081.ARW	42037248	6ef43c9dac95112d4bbeacd62913c2f89959c34887167bc173db09537c14111f
originals/cc4d4efb-159d-5ba3-b3af-09693009d1eb/A7403512.ARW	44101632	ccf8473799a9aee3e597619933acf02f477784c311c20a049ca7b3707de76456
originals/cc5f8875-55b2-58ea-8b16-c7cb2d93537e/A7403406.ARW	49565696	b344e808f155ca0c5062b4eabbd81c8fb41190d22acce3f458f033352eb5217b
originals/ccf96306-40b3-5ab2-a774-f71a19a58fb0/A7403485.ARW	45891584	506faee043addda5e993bb22970da1003e9f55bf6cd285dd17a60a9dd875618e
originals/cd64f865-311d-5ca2-99f2-6f3cb1934182/A7403206.ARW	49061888	b8e652c4582ab1dd16e156b082b8abcf58c878e100f04610c132493148403a9f
originals/cdb214bb-a9b4-5aca-b258-b524d765265b/A7403225.ARW	44576768	24162801f77068ba194266bf57bc15203bd0df5329300c649fd4c681cb084853
originals/cde9d856-bfef-5ebd-9724-369825ad894a/A7403043.ARW	40902656	b2148943fdff2be4ff05eeee92edc007f362b7908af3c385ceb0b95fa0149415
originals/cefd97f5-d959-5a6d-9f70-6027907c6f1c/A7403306.ARW	46125056	1eba7c28cf298b0fc9e90bbbaa9622051407aa6990bd9e84a89ecdc5a0c89d50
originals/cf01220f-8e25-55f8-b952-60441cd36b89/A7403312.ARW	42553344	08b8a036079d61ad27ae3f897e16c5a3ec5a3b3c5a0938ce467d24b245465175
originals/cf7e6267-bba9-56df-80e6-bf4fac998487/A7402993.ARW	41578496	bda33a15644fe5c5c9adba3f2d4715fe13dee3f58790dcc547da8591757bf6a1
originals/cfacb8ab-3f16-568e-8d60-2b56b1c6049d/A7403245.ARW	40460288	8ccf1433240d67b6564a667da481b16cb8cb3889d8667f8994365927f603699f
originals/d00f2cb5-c455-50f0-a342-92e18d2a2c79/A7402785.ARW	40165376	c5c35efb496b31929e0ddfce208a91e58b17a37a770705fbb67da4b688869744
originals/d05ce6b0-5789-5fdd-abaf-661bb1d59985/A7403484.ARW	45527040	47ac77f4dd0f39ed2306c37b64aff60985c82fd779c376a022cf9c7a90666f2e
originals/d0d58a5f-233a-54e6-b153-209063603589/A7403049.ARW	41222144	198df2f38b2191af0d04c683cb9677967f82bdecbac4c4509c420b75f9d8c362
originals/d0f1d9a3-b98d-50fe-a1f2-d34c5335aa87/A7403520.ARW	41287680	2c21c28de1d7c7eb8f0b61317901a6bc38df4deccb1ab5d09dd069ec9231f2b9
originals/d13c0d16-c931-5aea-be6f-2aed9e1d7b10/A7403244.ARW	41857024	000e3a8e6287ef84c6a129501b5b83c2f834c931c0be9f774331b4f4a4ea4e33
originals/d1c37c59-bd20-51e6-a90b-f25b4e1b84b8/A7402858.ARW	41730048	49b38b32a7ff5dd102f480b30ec07a14aa64c3abb6786fd418b37716d2088e32
originals/d22cc17e-09ec-5172-8cfc-13f7fd8c7ec9/A7402929.ARW	45563904	a1f0ff42cfa6dbe7c21bd6e9d7f7a93324330472108c2daab79229bce5176b48
originals/d250a365-faf5-55d8-8d00-c050099c84cd/A7402997.ARW	41459712	d9f0e7f834f395fc6531b3a4c3cf57bbf04423480209771d0407bacd2b6df4b6
originals/d26500e7-b620-5cf8-89a1-f91327fe7f05/A7403492.ARW	44187648	8b645b0604af041f97b6f6ea07c2ae373de9cb4a6e40f363b4caf9be8c8be2b1
originals/d2bd6673-5b77-5f70-b999-95c68299ebef/A7402775.ARW	41144320	691ba85e10cc661adfe4c8fbfd633a1769f950c1c4cb8a4c36f40a3fcf48828f
originals/d3220f8b-f138-5d4e-921e-cf4bf921ec04/A7403012.ARW	44457984	274d5f11b7a66f887945fd063ed06187ae7d540002873af86ee343a4ea71276b
originals/d3959ebb-6194-533d-b927-c235b60e9483/A7403205.ARW	49434624	4fb11104cf71c22c57421b793cf3fbf2afb183da2782e5806399f0936d1f4c35
originals/d39c33c0-54bf-5247-94d1-eccb65753796/A7403514.ARW	44781568	1148bd82ab26b51e2640d202412814fa515cd956499f067485d36237605efb71
originals/d3a52151-4dca-52ea-a6b9-b67231912794/A7403449.ARW	42225664	90bee23d4def05dd8d84d3786cc464f3c17c050febd8330f8dce93fb17fa1ab1
originals/d402c8c6-ffef-5b8e-bbb6-b0531d44024a/A7402963.ARW	41541632	512199bdcc8a28eb23b889ca1dd162bead0cb73041e2c4bd1437913a440e93ab
originals/d41c7a60-533e-5e28-bb4f-707fc8d2e00a/A7402866.ARW	42319872	84c2bc07454583636e0895a0c3698e50f0f11743a67a5f9dadc2ccaaffd46b6d
originals/d4542090-57fe-5044-a56d-b6d839acdcd6/A7403402.ARW	42995712	807e9d4cd1821d4fa44627dcf685ee0f3f60d798318afc1aff51a42f24fb8d0e
originals/d4dc182c-cd5e-57e4-b0c0-4cbfc419175f/A7403380.ARW	45490176	dff19c3d0841e6f76b9b88f3536af494d903715ceb62e805a35d8f03e4319582
originals/d5394b86-fb1f-55d2-83e9-09494220bed7/A7403023.ARW	41357312	e3093950bd6770077dfc9a51bc84bb1bbb497405b2f9c96c50b76b2ab546872b
originals/d5839152-6664-5a58-889c-f2282e0c24c3/A7403267.ARW	44064768	33b8ec308e2dd97f48d0230fe187a1a3e38c51387fd928bdf3f2850fd6dbb979
originals/d5aed44f-569d-5414-b035-403baa3662ae/A7403093.ARW	45875200	3c34533c85c918af779c3533020c292ec3a0c80b4142ed5900f747d92dfe87a5
originals/d5be8bd2-85e0-518c-b8f0-5b6efd769f61/A7403396.ARW	45359104	40dbfb2a108ffbd12ddbdb286d1ad9a33dcc85c7863125fcedb56e2353f2dc78
originals/d5fd2bf2-c3f7-54ac-a232-4653fc8ad80f/A7402900.ARW	42614784	34e7929ca505cbb894644696f034d244444075be6a1bc1998306c42d80cc3e07
originals/d6009d6b-cd77-553a-b69c-50aa9bbc0006/A7403054.ARW	41271296	0cc629e7f584a647884d1ef475454eac36137acce65ea705c507413d0fa54e5a
originals/d614af5c-df03-538a-a794-4224682bd85b/A7403440.ARW	44597248	f19fb39e7c618f49e39d7964d840900dba890cf4ca8d3d18ea441da8a37de027
originals/d637219b-6d5d-5e89-9cd8-10e49a31fc97/A7403443.ARW	45346816	11ad4dc650c84c07018a85cb54e7530a2d9ad02b93dd37a36eb5af4f8dbd149e
originals/d6c24b3a-aaa8-5750-a48b-f032ce49a009/A7403390.ARW	48033792	b91a31efb1b6e731af39645ea4f01dbde5f775da7977f3c533aaacc6815a3353
originals/d6e88f2e-a23e-5a7e-a770-f3405db51b9b/A7403339.ARW	41451520	39b841e64426adceb517656fa3802978e7f9ca6313f113c01bb5db5b2028222f
originals/d7910d3a-fbce-5753-b20e-03773f659eab/A7403347.ARW	44941312	15043d1acab3758552bc736e7e006498d3db3a5c71b3e0232f781c736b8c7515
originals/d7bf0b51-263e-5980-bd89-bc5cfbb8f1fe/A7403364.ARW	46399488	edfd80ac4a52e6e77f2f53c22f1c119a518f9cc4e822a7dedb3a892b75a77b47
originals/d7f3c122-e6e9-546e-964d-ef750a5578ea/A7403261.ARW	49307648	8cf25001d22a13afcffb5c14a14907a106762387c1507b8ab76a607d4ec2d19d
originals/d82e1255-e2c1-556f-827c-6d05206c8c09/A7403181.ARW	42713088	9388d4de3dc47e0d5330013f476ca2b7cdf073721322b9441f5e2a13c7fca7ca
originals/d9366b67-70d4-570b-9c86-7e947e6193bf/A7403354.ARW	46772224	1860fab5a17c3d5817bfa25c098d437c54b133611076a3df8d5e9ba4b4ae0718
originals/d966855f-0714-5582-9ee4-ee5159255dc5/A7402849.ARW	44425216	8e051485bd9647ccfb196afdeeacc98d0fdc93fb89df0337f2298e30cfc5e9f5
originals/d9cbcdc0-62b2-5f23-b2e6-49dc34c282c6/A7403072.ARW	48668672	bb235228f860a3d3c0e99ed23708957c7f3ef0f93b73835a23924d9e48e32f37
originals/da359964-d7d7-5ef7-8666-2b4c804e6da9/A7403252.ARW	41783296	d42bbbdcc65c83a6387a0ad708fadfd48c9704aff8b58a9d2fe2fff77ed86338
originals/db14bab6-b278-574e-946a-3863d5d5ff09/A7402842.ARW	43622400	7da70801a417bef89dd8b06df561bc99fe4327432f1edf3ae6754e575c088316
originals/db2c4fa8-dbcf-5a33-8ca8-544983b76ed7/A7402748.ARW	48521216	7c8a7275968eeae7fa7f3dc428086df9e0ba01a88c506cd5c49a5a7d1b6807e5
originals/db2f3219-f6f5-5f91-8cc4-cef4f9013f0f/A7403303.ARW	45236224	05e64111a4b3275c200caa95d216c79ced30cc90ca6fef8472bd7cd1c020f02a
originals/db618a57-6d6a-502a-a5e9-b122bb7bed9f/A7402981.ARW	43098112	4ede332dfa9ed6d1be3ddd90deb81a51e3d723e647eedd8d3e55577fa50f8317
originals/db697ba6-02db-55e3-a4cf-5f9cd0ec8812/A7403320.ARW	46477312	b29a2f51cf5822e5c4bab6328b3227559e0ec9c442594f817e9fd073a8aa3792
originals/db9e648b-27d0-5d06-b628-ba17be097212/A7403174.ARW	43974656	d89c3d472238111534e3b1e99ede2a2b6c24f8ea59fc96c8cc509d30ce2c9602
originals/dbae447c-89a7-50ef-a19e-e02badcc3cb1/A7403521.ARW	48861184	672ba8e3d90e29da2e6dc02fc02dc05824a739b2f42315af773093459dbe6d18
originals/dc2e0bc8-7b1a-5690-be9e-62f2d266e3e7/A7402886.ARW	43446272	76406f19945fa52486be8ce26bbc07976b6ea9c4e5648ad8fdf6e69b37e765d5
originals/dcc8c8ad-5ab4-5c06-8386-182ffd57b5d0/A7402942.ARW	49987584	50f7ea3e93656d73ae617f6c03aa3271d8e07fc4552d564c1d5bbae412e555ca
originals/dcdce941-d750-5ac4-b71d-058c2212c6d2/A7403005.ARW	41701376	d66b9fa29afee37ec66a8195069323ff42337737f7b35a27b7cc384dc34184ff
originals/dce81bac-a186-50cf-95a5-9803d82e5236/A7403274.ARW	50118656	6ef9f3a6f72031197de57e075d3515b293f0501a4b33e4c53ecdd1769241a973
originals/dd049b7a-ecdd-537b-8b11-02a19d72cae9/A7403214.ARW	45981696	2d420c3d3f238160fbadcd983b03aba6f85fd79c3a70608462aa283c6becfb7d
originals/dda8ef5f-c79c-5f94-81b4-8c56d2670840/A7403018.ARW	42418176	ae9734425c2d0386ad2b4ed281ad47d56107345a5d09318f900517b23f2e3b3e
originals/dede482d-e4ce-5c32-9183-847f69054f9b/A7403033.ARW	41684992	8e7919904d469f365c577fdbdaa22b09cfaacee25a7676cf0739f942b6489681
originals/df13c2c1-757a-5dd0-8bcb-b72a8812b0bf/A7403286.ARW	47173632	b2cf68f5863a61214d493d75ccabdba65dae4b5f98c947f6721c9af923e16f74
originals/df157da5-2226-504e-854a-532a827dc0bc/A7402845.ARW	44347392	813dc01b79028b1ffd1a7a952c75d627be38077ff699f980bbcfe9054aac464a
originals/df2bf117-bdc6-5cb2-bab4-a727169c2e4b/A7402961.ARW	41697280	ec9060125a94e745a09f5250cde86c9a63f864cfdc2fd38a3270a527749870d9
originals/df733492-9778-54e7-bb4a-5cb9477cee2f/A7403321.ARW	43511808	b45cb3e7c7ae42ee38dc1d160849911a9a6e1d5018b32b1ea576a11fa9a340e8
originals/dfbb68cd-da92-510a-a867-7e96b3b188b2/A7403298.ARW	43753472	e1509b3ae68e32dbf0b8fea41374c2ef9e83c12000472722ec8f248b731cb766
originals/dfe525dc-9225-53b9-81b1-d7d70e925122/A7402850.ARW	44351488	51a1c1c1c388f45545b7f476820aa67cf0a6602996f68f49fef24d77ad0d0be1
originals/e06a8982-7978-502d-9fbf-0794e72c722c/A7402773.ARW	40415232	55ee52087e0572146af15d117a6c6db970f228f3478262d8e35b1d17db321453
originals/e1141faf-b29a-555c-a0dd-73b126d981df/A7403087.ARW	46227456	b27bde50135c09634acd7660218abcc5f04c69c9dc4c781b15535dbeb2f8bde0
originals/e145c121-d706-5cc9-a81f-962591fee164/A7403308.ARW	44208128	19f79e5197afa7e2298cfb1e89e268bd1c34a54eee9cb6121fe3dab9ec18a024
originals/e16d21cb-b7ed-537c-847a-e371b02a3c51/A7403084.ARW	42102784	c7143cc9f1ac35275d136b252d28ddb9ff1870441fa49107851c79237e3ffb61
originals/e1b83216-570d-5c5c-af77-98707285e6db/A7403334.ARW	44462080	17b12c4c81cc171024da241ddc24bb480e3d75375a5622cee9fe2dac16d283e9
originals/e205c280-197c-58bd-90b2-ca6d49ecc7b5/A7403295.ARW	42553344	2e6f695902abb8ca14d91f6dc4658c73c45b9add5959a4bdf731a42e334ac33f
originals/e2092a4b-1959-5fe2-9a4b-3261044a3458/A7403082.ARW	41975808	c6a27727e0425c25f87a2c961e95f970cddaa620a685a131979ba291f8fad722
originals/e23d9c88-a2b1-5c36-8ffb-13b40e87f939/A7402859.ARW	46178304	8eff865a1d05adb86bce257f25bf958f7f6009b50562ec80d8b629b6b48a302f
originals/e24c918f-16eb-584f-beae-e2162bb3357d/A7403420.ARW	42893312	4e69e7bce2fea5f814f8b48b98419f99496c4e66647047a79322c19f334aec40
originals/e2960e2d-f77c-5cfe-8bb8-7b127aac80d8/A7403202.ARW	42160128	384a899751848a667c0d1b02a136a6d4d9b055de3b089566baa7a98d593a7dc2
originals/e2b12aff-36da-52fc-9536-8d84c61d9b5e/A7403221.ARW	44183552	875c8af1b16855e4bb383e819e6cc5abe596e896b890cc05d3ccc1119f9ddcc7
originals/e32729f1-6115-5afd-bf0a-28ac8504dcaf/A7403504.ARW	21172224	5468be215c1d6507c52411a0027fd510b4d0934886083df78be7e6961cb0c890
originals/e352a8d8-c396-547b-8bb5-9f3b833dfe64/A7403180.ARW	50688000	493acdb4e010e94adc4321b7ef4e8995eab6e7c606186b8250b620482b83c9a0
originals/e359671b-6efe-5675-b0e5-21145dc09db4/A7403042.ARW	40955904	4fcf14f5631f7ccbf781f15850eadd3a2330dec84b3f40de221a30626be92924
originals/e36485ec-3442-5fa1-9ffb-7cb5a134c717/A7403346.ARW	42528768	c4f9a92de03745a9304f2d0738fe1f018fa94a6bc7e1a6f990e3c8dad1c575aa
originals/e38c4ed6-f1fb-537e-8a8c-3f407bc5ca1f/A7403411.ARW	43384832	0e180f1c783a22ad8de29ca21024a23c453f40089bda4aee93ada1f7af2d3c34
originals/e3b3f95a-d6d9-5c26-87d1-83b140326490/A7403292.ARW	47915008	824ac89a53dfa70c089386d9cbc67ca68eb10f6ef54922f4c75a7062f63c38c0
originals/e494778f-f563-553d-952e-a2a9e2c44b5d/A7403462.ARW	46051328	a4f41fc734517ba11e60aea7079799539ee1cc03139b8b0d6131afad24c43502
originals/e4c868b7-e998-5853-8dcf-d031a68cd6ab/A7403228.ARW	42708992	3526bb16ad64cb809e01cab8ae88bb105e08d2799a180222c2f8038589b904c2
originals/e4e7e1b2-be7d-5dbb-b47d-d6ef5e370151/A7403171.ARW	43024384	60e479e854362df3d332e5e0e63eb434461f99a47bb76ae87aead1ca4e1898ad
originals/e4ea4863-1fe4-5a7b-a094-27d44fb66cbb/A7403301.ARW	44662784	c4515c4104747053735ead1627d2e3df5c9913553c5c9c01a312b2c2929b4886
originals/e517d43c-91ac-5aba-b9d9-f5092d543cc4/A7403523.ARW	48590848	9905d37df33c08821119516f4b8b31b0b2a57f92cd9166f4956c21abe66f478f
originals/e549a8b7-77dd-5b17-bd0d-346cb2d13d25/A7403276.ARW	46108672	81babd8a3675dc8bcd9c66096c60340d7f034e19ec0aafd2b9f6e084e63cb4bd
originals/e55d0410-8620-5241-a846-6549685c787c/A7402930.ARW	45600768	a99ebd4265603e8ed176a11d83ba1e7a7df125ba3e325af42268aacf43372bb8
originals/e5763a82-6277-513a-b23e-408d5d106bc1/A7403170.ARW	42905600	99eb6b959936af60d19611307ec9ff6af99412408823c278b6e4cb2290e85ff3
originals/e658f739-8859-53d8-b8b8-3674db658c0a/A7402846.ARW	44392448	81bc42c7a9dc19fb4cb3b104de4c3228e0320bb7938f6f0cdcd73f3b9893bbfb
originals/e6826f8f-b051-5231-b928-eeec0e21a124/A7403282.ARW	49205248	59a62a8a3feca9760af6cb0083b6c8902a1e9de82fa9cff6347a1c144922dfd7
originals/e6d012df-f3e9-59ed-85a3-60a3a4f87f41/A7402982.ARW	42991616	20edf1c74f2775b12c3c1a2acfa371808491ddc718ea0b8613a3b9d4a28a4d3e
originals/e6fe19cd-1e08-521b-a624-10b7f17c26e6/A7402872.ARW	46948352	b2e9064d0f14ea2532c21ba248f9323d307249d5b0ee94fe0c897ba5da6d3e29
originals/e73824e5-a81b-5a87-8516-d4abe0039ec1/A7403299.ARW	45920256	2d07177505492180e2ab195d0a22db25bd5bf86e282d74a5f713b5170160a68f
originals/e7e3665d-69e7-5ea0-a47e-f41b01a60aef/A7402941.ARW	50315264	b839798daba7ef8e6356912a8f195d8fad449bc9a819a1b02f2391f82b97c589
originals/e7fccb85-e2ff-58e0-bc3e-47b08242c2f9/A7403508.ARW	21344256	e691b1e220fa95a8174c1ea35ae8486a1310a4b57927b38b30ef1b0f2bf4b5a7
originals/e83763de-8a87-57b5-8af9-c109ec1541e5/A7402984.ARW	42987520	ca10f1f3aaf9239860669d195d1b1ee33d99fbeb29a6e4b0ff7bea30a4f22edc
originals/e86da5e2-e287-5628-a108-3cb5a8bc5e07/A7402805.ARW	45096960	4a75318f379d3f455739c8d09eb8218f455b09c7fc65bacbd3641359b8e349b6
originals/e8adfe9d-c6dc-55dc-a988-ac7b054047e4/A7403426.ARW	42520576	fa64aaef3f30bdacdb99cf08d732bde8903ce9489a7d3242e3ab94d944aeb640
originals/e8fc4cfd-a61c-585d-a29e-0f311a597e7b/A7403361.ARW	45654016	c3e4e79010ea96a46a1195b9e231d2c998bc1e6afdb43ff6b3950c3f97af1b0c
originals/e9315417-4f2d-59de-939e-a105a937f3c7/A7403322.ARW	49430528	2a79b3ae967c049a30ea6dc659749c6604fc1983da350a4da6634ab8b39e4857
originals/ea002af8-e166-56a2-a0bf-62b8bdc7cb7c/A7402756.ARW	42827776	74e3a82f245e6390c994e1eea530f22f5c787ffdaf65438f8051911b99825524
originals/ea09faae-e25a-5134-b438-17a0334e719c/A7403305.ARW	46440448	f8ba41b4dce6478d0dd1173fca3186c5854092c1060ae6426d1993d2c42fb93f
originals/ea433dea-bb99-5809-8d66-f1f7f85e19fd/A7403099.ARW	41697280	78996360775c91befed5c98f04d91e37b35b59f9b2c7f59f7ebf86ee60cd2ee1
originals/eaba4056-4342-5da1-93f7-dd531822941e/A7403027.ARW	41144320	085295dc86c19c643dde30ae2889c4ec22004d96ca90be498681d200948c8075
originals/eb11c5b7-c8eb-5625-a7b8-4a759c63bd2f/A7403459.ARW	46055424	053856845ee20d8f45a3e872da346caa8a2efca6e7b282b47ab37d54aebaee08
originals/ebbe98e2-c773-5e05-803e-49cf9c81521e/A7403078.ARW	44269568	3be04ae44a47e8d2dec311d9c209a7749abdc5d461f54d04190b7e7695759000
originals/ebceab25-684c-54ed-82e5-079e305945b0/A7402909.ARW	41914368	f4093287220d3dbc99fc3cebaa8acc1c8997f79ae928be37bbe9ed5a545a4700
originals/ec8fa15a-b4ab-5afb-ad6e-70bb98a3ee6d/A7403098.ARW	41287680	d0e204acfa47f6f2ef38ec393d8589a2e8a7c2e7b5197057968bae867b2f0f16
originals/ed4b4e7b-88b4-5ea7-8834-58dc87872cf2/A7402783.ARW	39759872	dbe55036c0f66a0315240d8bdc1b1ad95c14fe1f6f5ddeaab993dc24ad240090
originals/ed6ff6c9-32a4-51dc-a5a4-648b20ba50dd/A7403138.ARW	43827200	d5b0eaac745d494480064c0fdb8e17a231f23936a8f9a48261506f36991390f8
originals/edac8360-1120-54e7-8121-c0a0aa1b7354/A7403324.ARW	46456832	ab36bfbed963b62b43ead26be58a30ff9999744d13cee6df50082924fe0fb988
originals/edbc0a95-cc37-540c-a59c-c5fbe444e5b4/A7403454.ARW	42315776	18e208144da2802001eee623cf9743d81287b8460a1c049e15902d5e53f3f3e2
originals/edd8c22a-3d06-5b2e-9a78-7fe5fb94bfc1/A7403242.ARW	42033152	3715c05e47dfb4bf7095f1f91989a82bdf124697b93d849a6c9c40f86aebe715
originals/ee1a163c-c5be-5346-a8da-f80ed64acf2d/A7403288.ARW	44666880	32d8ccb0a32cbadf221735d6b6a7c19e5e2cd37ae4ab40a0e9c15a7a90bcf2e3
originals/ee2fe40d-a866-55d6-9271-2516badfa43b/A7403073.ARW	45170688	9beff1a29a77506368e3639a91125eae80d937d7e3de03e0b285642d53292505
originals/ee954620-1164-521b-9a38-9d916a0ad4ca/A7403218.ARW	44855296	5d58de967f8cb8d3026f7b8044385ec076833865b28e92228fe85a71fbe31d15
originals/eec4e888-31eb-58bb-8cd7-e2f55978fed6/A7403123.ARW	44830720	1d1c86ede6b092a627aa9be884295744b6a11432343950a26e60e885e566ad68
originals/ef95cc7f-056d-54b9-9058-5f478e94f89c/A7403075.ARW	45432832	3454f1ddb08b4634b3935a297bb141529db70140792f92188916d0d08516d531
originals/f0013eb9-cdc1-5f39-b956-5ea71dcd50c5/A7402815.ARW	41984000	fbf0ac4239f9f1856297ddf2ba8736b744b40dddf6db89fdc5cf95ab1d219922
originals/f01e4c0f-6f22-5bc6-a529-d3a7b9be6bfc/A7403466.ARW	47689728	80a472fb88f54ca986cfd8373d71da14eef994d278cc548b5cf83cbb1ddced8f
originals/f0852e43-e63f-53ae-9b8e-d554d01a8daa/A7402803.ARW	44924928	47d617b3a4d36453cb74493a684d49f52f08f98f093b97182241edc7896626fb
originals/f0ad9f4e-24af-5d12-9c19-cef6ee922f41/A7402913.ARW	41615360	029a6a9465cf0222593c3bd9c9af792985ff1a4ab6a66e115d92cbdb2b19c6d3
originals/f11b4704-63de-5911-87dd-bc9eebecadd9/A7402768.ARW	41324544	0ec778a5dd4e42004b9bcaef85ae5598c8cc1e238e200470b17355c3048ff01d
originals/f138eed8-9c01-57cd-a343-9bb6049be542/A7402746.ARW	44507136	c369722c1df72c9836bcaf3e5b8061c3b8bc489fa272b2d19c677c32d4ef0904
originals/f141058b-67d4-5220-97b1-f4e15257ef82/A7402926.ARW	46428160	1b1ac60ce0765caa98a6c88d843dbb87a600e68ab388ba4ff40a79b07823fa61
originals/f17f9940-fab3-5930-88c3-0cad25105272/A7403461.ARW	46034944	b002d1572a25b1116d94deed61cfef58f15f26748fa3c26efc867c391339f75d
originals/f1941a1f-c189-5f65-929a-60d5e0c11829/A7403060.ARW	44150784	8f8adc00e3e28e1160b7e81eeb0da8ce6f933d7d727529e2f97081b313a417a0
originals/f2b9b180-e967-5265-86b1-7d7be6edc861/A7402762.ARW	40779776	8ca20f50255e8bee42fec20cb678332dd9e4b215e8d579e4da8ed4e3b8a19950
originals/f2cfa6f1-b6a7-5660-8be8-803e5414046f/A7402977.ARW	43102208	ffb319b31ddc20b4852795f811843cc2249aeb000f31d33ec3efa063e4de1ac0
originals/f436dbf5-7f7f-58d2-b293-8e7c107a15e3/A7403137.ARW	46768128	5fbe0db47527ad50bf498c2a608cf81adbdddc298dc61a06e2d8c07d8973d370
originals/f4afc92b-c73a-5cef-82a9-6d0a6e1c0633/A7403525.ARW	48463872	c4553b760901fb97630de889d6a1437795d61c92d0b13f004cbe32820d7bf7d6
originals/f5ce1c33-e376-57dc-af8c-08da696a5956/A7403376.ARW	44204032	09922631835f5cb03e34d8f41ccb9e1302bc5e1ce27186b578292b2bbcb5530a
originals/f5e8cd0c-0494-5544-ad3d-ff0abf622ab3/A7403495.ARW	44326912	f9d9bd5a45a1e60913b7d1bfb341f0acd54963c6c531c6f37fa8bb0f58271e90
originals/f5f1097d-eda0-5f82-a5ab-48376399de8a/A7402841.ARW	43642880	0ea1313fe98248354a72897948c929fed9dfcd5942e668fec3cbea5c8d698cca
originals/f5fbba89-b320-5a3c-9f3d-43660642408f/A7402921.ARW	41402368	232752d645764a1c71b7eef1010545472ed509de31edb79e4c82395073b04df4
originals/f60283a8-5293-566b-9adc-ebd44b4d502a/A7402827.ARW	44679168	c0f26bb5729c055385c2dd27e9ea71baa0f0f634129c62b6c5aeb37348d9e07b
originals/f603447a-99b4-51b9-97ef-b154d49a92ca/A7402856.ARW	41746432	da80e3aba98b88a04c084b8da7425d3614b86c190c1163b380e8b5daf97a352e
originals/f607b475-f760-5f24-9577-4cbacbe9eb5e/A7402865.ARW	42278912	bf5d002114d97355a78fe81df6fec7c8a94c0d26da8f75cfde44551757c7921e
originals/f6685816-7923-5ba3-9cbd-a301a504e2b3/A7403363.ARW	46166016	5c5c6e4bcd5644c5427fc6be310e3235e23b28f5cd1b8334adb94ef4b3b2ef27
originals/f6ba9434-550e-5a06-94ec-fd61e56e70b2/A7403162.ARW	47026176	0e3a5e0f20eb19a3b0f46883ada98420b120f605cc247131aebdbb876e3eb12c
originals/f70f1841-af70-5403-af4c-90a8a5975f42/A7403185.ARW	42860544	1be73f2a14fb577fe91276ee4ce6bf243e9584d31f7e125c9d7401a2504f3536
originals/f7c3dca2-52ae-5b65-9545-ba0f271b21a1/A7403316.ARW	44634112	a1f038751174f5253eb3ea178446ac3e245b3e5d28b992029ef929008a6655f6
originals/f7d431a3-6c83-59d6-a45a-f37d27b0bf46/A7402789.ARW	40751104	fbe926e2c16e5dfef38f2959025ff5a274b5d4a00091b3d5df034cb0f595f6ce
originals/f87a30eb-1601-5ba2-bd11-7168c55b4bd5/A7403494.ARW	44384256	3ec64b2bfb9eeef1d00dad0d2224b7be32b219c8f1443dbe4a41533093290579
originals/f8cf73b2-bef5-5ae9-b6b7-97963fcd3e78/A7402864.ARW	42950656	47ed747b4641408eaae99afc07bd200346350b262125c2c1d36c79016bb2c62e
originals/f8d03a12-0ae3-56be-be6d-607eae96c5a0/A7403118.ARW	42545152	26519ec1136ee9d9e2e59b8fa0353d97603f26d614edf6fe86f21033462e3eca
originals/f8d63bfa-b094-5b06-9738-682b7fd775d3/A7403425.ARW	42344448	76cd50842f1a43e01b30f2906cee780ebf1d8024f47eff1e6ee0c2615e319024
originals/f8fd49d6-391c-543e-bc9c-33a0f2178f84/A7403142.ARW	43868160	c5856f1b24cf1131512b72a137ed2ea078572240e482dc8962f036fda605e6de
originals/f919776c-bd71-5554-85a7-3d44eff73878/A7403120.ARW	41717760	ad616c8befd3a3595b983b296b9baf05362e841f1bb4f886605f433ec15eaa0b
originals/f9468395-b1b7-5607-beb1-ea74879345f4/A7403134.ARW	49209344	610f9b6deaa6dce241c7e21544fd0f6f83a2196ac27563851b60edddd124f320
originals/f94ddba4-f52d-5a93-9ebb-26f5fa4eeed8/A7402987.ARW	41209856	9436fcde6dbfd543e02d2500a8de06d4e4e02c1b99bb2a09ecfa61150ce42cb2
originals/fa129a48-f353-554f-980b-c33e8641a738/A7402973.ARW	43237376	a65ba4d44e90d33663c5604a3f1d921f0fb49ecf2f7adee9c40c7cd064c32ae3
originals/fa9ce32a-b6d9-5ca6-9748-ddfbb13c1d13/A7403112.ARW	42291200	c8c902852d6da0590b093561588fc0c90867e11d37ef3f3265ec25d9e7643a53
originals/fb42e3d8-80e3-5ba0-baa6-0363a59355c3/A7403385.ARW	48472064	66cc36f3b64cee515cefbf40e6739f8e9f0b11e89c824779310ba2545ddb912b
originals/fb99546c-4b6c-5097-956a-340840ddd59e/A7403101.ARW	42450944	31a61bdd1bfa6cc2e7db4fc28a9f5f1993af485e9fc6512aca5f9595b38c11d9
originals/fbaedf28-296c-56cb-86ab-d7cc85817e66/A7402988.ARW	41230336	e10be8d04e102f154f71886d80a0bb91451932c1aeb8fb182b244cdc95798c3a
originals/fbba39bc-d736-5780-8093-d408d123d50d/A7403399.ARW	44904448	77e0d8a4a31aca1c851f9a6d5e59deafcba711ff674a5d5b4a78612f9df7490a
originals/fbfe561c-2d8d-5ac5-a582-f2e852175fd3/A7402934.ARW	44867584	283f5dc8da4dcc236f54a2fc2ccfb7d92a37fc2111347700a2179f8bcae1760e
originals/fc693373-f5dd-57ef-97c4-49b243133821/A7403490.ARW	44773376	87af50ff6cfc2efc8ef662eb48bb2c2a050d590e132cd0607e54f86aae9d4ef8
originals/fccae8bd-2f39-584d-8231-59cadebfa4f5/A7403280.ARW	46686208	61389c48284c39db5a8ea203ca60eb5770811963f0a124baa8abdad771bfda19
originals/fda24fd5-f5cd-5dd3-a09c-5d5335cc956e/A7402887.ARW	42348544	6f9297b044b26d585084bc97e0eb7ec5f9dddd5260fb296392e30565b9cc5d92
originals/fdba8339-479f-5dfb-87be-b7e84068ad2d/A7403095.ARW	48099328	83c08360642f5c44549246c81c3400800d1fcbd1d49910ebac3a8e49eb1f42dc
originals/fdc11104-3d5a-570e-b51e-a0f1e904b147/A7402812.ARW	42831872	6b2e3f6bbc47ff26cf65a5dc3f0cc2e712aeefde667b35e2815ab02feeeeabbb
originals/fdce1477-a7c7-5a71-a231-49c448307b06/A7402901.ARW	42659840	8c814f01a63b04ec446a9b44bd861464bb2f72ea713f768bd9ed7427178ffd6b
originals/fdec448d-fd60-50bc-aa29-5ee93ebe6fa1/A7403253.ARW	41938944	5e101f56a4da90c7c46cae111d98ad45273542b6fb5ec8f99366a63d9dea965b
originals/fe4a76b9-e29a-54f2-952c-722a177ff34d/A7402998.ARW	42057728	4fe457029d6375ac48067750523cb1f23d4d924fdf6a52ce3f142f9dd65dcca5
originals/fe547f2b-7b5b-5c97-b283-dd1684496121/A7403278.ARW	51793920	e43dd13c0ddad0f9dae823101076c0df54f4907b20c728baa6fe64fee468c1e6
originals/fe6b1ea4-faa1-5f40-a944-885e85877b39/A7403217.ARW	45150208	d9fc2aa7936f4799ba6f70d5c8d7dbffe7d0528e9ac82960598182828d727b63
originals/fe73a388-573c-50f9-ab6b-c93eedface96/A7403131.ARW	44855296	78e5d10af1f370841e029d00fa7d3a8aea7c89fc725dbb947c87298f95245bbf
originals/fed84f3e-b16d-5d10-b59c-f5c59667b49b/A7403108.ARW	42016768	c788dce5acff04b0eb33e4fff9b10f7b241f3c9eef6ebb8a19512bf822c58bf7
originals/fef3cab3-3f00-534e-a9d8-2b18c2901a7c/A7402743.ARW	50192384	f1e0152d4086e5b3be981a3e49dd247158089a6e25572337c69dbafb59fb1da2
originals/ff0c9cd8-7b8f-5bce-8f2f-b19cd6036c60/A7403318.ARW	43962368	eda9819ede16f6066095e8af64595ca4b0044a1001fba44386b830cdb8242a2f
originals/ff2da728-231c-5508-a388-1a0fa4bfee0e/A7402953.ARW	43134976	a3849b90092c91ac0b7f0ca94b1000177b7ec9e124ffaf1c16c1bb1ab52ad6e0
META	originals_count	797
META	originals_bytes	34687401984
